"","date","unemp","infgap","ppi","infexp","cpi","s_shock"
"1","1957-03-31",3.7,NA,NA,NA,NA,NA
"2","1957-06-30",4.3,NA,0.32206147000422,NA,0.893341656678093,0.795577685588
"3","1957-09-30",4.4,NA,0.641027836091901,NA,0.744288390707837,0.21852193920715
"4","1957-12-31",5.2,NA,0.318979536810016,NA,0.528263246442728,-0.626683752459023
"5","1958-03-31",6.7,NA,0.950878796902721,NA,1.39520923848973,2.85973802485788
"6","1958-06-30",7.3,NA,-0.315956029036846,NA,0.138456235341122,-0.799814252331643
"7","1958-09-30",7.1,NA,0,NA,0,-1.3490737914557
"8","1958-12-31",6.2,NA,0,NA,0.207325575300432,-1.85527153399292
"9","1959-03-31",5.6,-2.54255985317616,0.315956029036846,2.54255985317616,0,-1.33556050620598
"10","1959-06-30",5,-1.25663507512966,0,1.73872967275696,0.482094597627292,-0.729438696958162
"11","1959-09-30",5.5,-0.729748846210188,0,1.20953043824353,0.479781592033346,0.596811114333562
"12","1959-12-31",5.3,-0.440830810611592,-0.632913505164767,0.986348699415407,0.545517888803815,-0.449516884001788
"13","1960-03-31",5.4,-0.9279494567487,0.947874395454384,0.9279494567487,0,-1.30933013798771
"14","1960-06-30",5.4,-0.540613568944781,-0.314960890289617,1.21835252370442,0.677738954759644,1.40589756511211
"15","1960-09-30",5.5,-1.47175708937169,-0.315956029036846,1.47175708937169,0,1.30505825392646
"16","1960-12-31",6.6,-0.812094301374311,0.315956029036846,1.48527085902229,0.673176557647981,1.38764797666546
"17","1961-03-31",6.9,-1.34556445295004,0.314960890289617,1.44615121750808,0.100586764558042,-2.19506466598709
"18","1961-06-30",6.9,-1.43217826713339,-1.58481922400235,1.43217826713339,0,-1.2924082325787
"19","1961-09-30",6.7,-0.731787754896551,0.63694482854797,1.19985948878569,0.468071733889142,0.584041055539686
"20","1961-12-31",6,-1.10448736413623,0.316957476127921,1.20450404191862,0.100016677782389,-0.884043540969692
"21","1962-03-31",5.6,-0.502204586004673,0.315956029036846,1.03394395787411,0.531739371869433,0.846956395209375
"22","1962-06-30",5.5,-0.813531111756882,-0.632913505164767,0.94602533451793,0.132494222761048,-0.74594125619587
"23","1962-09-30",5.6,-0.367935862285307,1.26184639592117,1.06066500554193,0.692729143256621,1.49905540607467
"24","1962-12-31",5.5,-1.2460300617875,-0.944888919793252,1.11445109543551,-0.131578966351986,-1.79414576991963
"25","1963-03-31",5.7,-0.826628088166759,-0.316957476127921,1.2536282442619,0.427000156095136,0.444176508233163
"26","1963-06-30",5.6,-0.93160701444257,0.316957476127921,1.25883243731686,0.327225422874289,0.0490581303386861
"27","1963-09-30",5.5,-0.920880342494845,0,1.27959587470987,0.358715532215026,0.178974126992948
"28","1963-12-31",5.5,-0.641209869290205,0,1.16069155700061,0.51948168771041,-0.422081387226925
"29","1964-03-31",5.4,-1.06833931500609,0,1.26245131384055,0.194111998834456,-0.467720970419094
"30","1964-06-30",5.2,-1.10618503856511,-0.316957476127921,1.33217383530889,0.225988796743781,-0.336355884324213
"31","1964-09-30",5.1,-1.10242516150739,0.632913505164767,1.3279044002163,0.225479238708903,0.901916954835613
"32","1964-12-31",5,-0.828344226211175,0,1.37382929450757,0.545485068296392,-0.287203369646782
"33","1965-03-31",4.7,-1.07167395483939,0.628932890756406,1.26348987042973,0.191815915590343,-0.461615952426619
"34","1965-06-30",4.6,-0.257199375934836,1.55524130074847,1.21079846485604,0.953599088921209,2.58928054346637
"35","1965-09-30",4.3,-1.33368823347936,0,1.36531878885934,0.0316305553799801,-1.094852773236
"36","1965-12-31",4,-0.7799309917223,1.22700925918142,1.50468601540693,0.724755023684631,0.467401664185552
"37","1966-03-31",3.8,-0.651593931048611,1.21213605323454,1.68236988565509,1.03077595460648,2.91281545181103
"38","1966-06-30",3.8,-1.45078711794312,0.300752106395485,2.07036778646831,0.619580668525188,-2.32653990510059
"39","1966-09-30",3.7,-1.05675712596098,0.896866998276069,2.19295850913817,1.13620138317718,0.978660069527848
"40","1966-12-31",3.8,-2.12241273682872,-0.896866998276069,2.64015410958955,0.517741372760838,-1.46366722915587
"41","1967-03-31",3.8,-2.74806024270183,0,2.99077880846293,0.242718565761102,-1.36831368992478
"42","1967-06-30",3.9,-2.02966559837916,0.598804184462276,2.93464915037094,0.904983551991778,0.136603051253203
"43","1967-09-30",3.8,-2.13650781996853,-0.298953884836628,3.03337481824459,0.896866998276069,-1.01028377718961
"44","1967-12-31",3.8,-1.61267841824339,0.894193737566162,2.79612418294367,1.18344576470029,0.188279598675045
"45","1968-03-31",3.7,-1.89857010278531,1.17995469311549,2.77705305835856,0.878482955573245,-0.980497484477283
"46","1968-06-30",3.7,-1.95450410034589,0.292825977908873,3.11393737843783,1.15943327809194,0.193242942339289
"47","1968-09-30",3.4,-2.29693905727483,0.583092031079291,3.44308340917548,1.14614435190066,-0.902477083917042
"48","1968-12-31",3.4,-2.47993163592807,0.579711768432611,3.89438237454457,1.4144507386165,0.245000467035439
"49","1969-03-31",3.4,-2.84228373732284,1.71924005403725,4.23700648540785,1.39472274808501,-0.821245546236327
"50","1969-06-30",3.5,-3.17421194009749,1.4104606181542,4.54974944694603,1.37553750684853,0.245832602970886
"51","1969-09-30",3.7,-3.49603311354141,0.279720462106114,4.85290603414832,1.35687292060691,-0.790250092692446
"52","1969-12-31",3.5,-3.54211294106348,1.38698478641506,5.14642542512103,1.60431248405755,1.30862366443516
"53","1970-03-31",4.4,-3.85067883571142,1.09590137897198,5.42965900897494,1.57898017326352,-0.728286510400089
"54","1970-06-30",4.9,-4.33286195673279,0.543479598595686,5.62989700099554,1.29703504426275,-1.73415866198603
"55","1970-09-30",5.4,-4.73083330346165,0.54054185669079,5.75648332018055,1.0256500167189,-0.769567355872702
"56","1970-12-31",6.1,-4.22856522181949,0,5.74758177121699,1.5190165493975,-0.646781128962637
"57","1971-03-31",6,-5.16863661987371,1.86921330121526,5.66989080222816,0.501254182354449,0.104775625978704
"58","1971-06-30",5.9,-4.03445197936173,1.05264129869873,5.27670397921743,1.2422519998557,-0.678144618891174
"59","1971-09-30",6,-4.15143628098912,0.261438057407082,4.88944701075139,0.738010729762273,1.08723767672458
"60","1971-12-31",6,-3.78048193731088,0.78023802841849,4.51308594651819,0.732604009207316,0.149408310876531
"61","1972-03-31",5.8,-3.2341697979945,1.54244703256317,3.96144573090246,0.727275932907956,0.147297593013995
"62","1972-06-30",5.7,-3.01371765330364,1.26744408967281,3.73574245065237,0.72202479734873,-0.764894235913971
"63","1972-09-30",5.5,-2.43901694251933,1.25158079318308,3.3936781308773,0.954661188357964,1.10062750030036
"64","1972-12-31",5.2,-2.23205272328675,2.21411258772135,3.17768624749031,0.94563352420356,1.08286130684281
"65","1973-03-31",4.9,-1.11601836030113,5.445131960417,3.21155487789992,2.0955365175988,4.81069377267467
"66","1973-06-30",4.9,-1.70444841911456,4.72528848505456,3.53098321684387,1.82653479772932,3.76629308012415
"67","1973-09-30",4.8,-2.01936608105638,2.60318387179468,4.25659585650972,2.23722977545333,3.69720252509627
"68","1973-12-31",4.9,-2.84420060290023,1.48780640261794,5.24868802830047,2.40448742540025,3.57684242729839
"69","1974-03-31",5.1,-3.36386845611916,6.53293475923888,6.55223629664134,3.18836784052219,5.11803273707958
"70","1974-06-30",5.4,-5.30746138821872,2.72921422880077,7.78692724954035,2.47946586132164,-1.67715130401422
"71","1974-09-30",5.9,-5.69559564996296,7.23206615796257,8.9087234682423,3.21312781827934,-0.789733721487096
"72","1974-12-31",7.2,-7.41713066303459,2.47362435596408,9.9538520508769,2.53672138784231,0.0197623576532635
"73","1975-03-31",8.6,-8.94808559478555,-0.700528258840905,10.6673256488228,1.7192400540373,-0.742317772128587
"74","1975-06-30",8.8,-9.42326315044223,1.91476694141341,10.7403094694167,1.31704631897449,-0.724436170348675
"75","1975-09-30",8.4,-8.32423275363588,2.38512158221802,10.3594556385257,2.03522288488984,2.96999773897539
"76","1975-12-31",8.2,-7.62521921301315,0.503779402995708,9.44015106358086,1.81493185056771,-0.0132002310051504
"77","1976-03-31",7.6,-7.5904916658455,0.501254182354405,8.30734061370683,0.716848947861326,-4.27565116855746
"78","1976-06-30",7.6,-6.04896233405432,1.98026272961798,7.29121433391002,1.2422519998557,0.0437039060802391
"79","1976-09-30",7.6,-4.97215866310642,0.975617494536518,6.54699435992031,1.57483569681389,-0.633239753400616
"80","1976-12-31",7.8,-4.60282160902542,1.12631922787108,5.98215382225898,1.37933221323356,0.73503448487493
"81","1977-03-31",7.4,-3.45489233587048,2.52778071842679,5.48886075958277,2.03396842371228,0.734485069025226
"82","1977-06-30",7.2,-4.0766662458641,1.39429059690128,5.57544534241329,1.49877909654919,-0.616604394287634
"83","1977-09-30",6.8,-4.4312124886599,0.460476638674834,5.74486027919687,1.31364779053698,0.0427910460143011
"84","1977-12-31",6.4,-4.34591675130607,1.36884266605772,5.96407503643022,1.61815828512415,0.689399870404728
"85","1978-03-31",6.3,-4.60165265599248,2.82967502125047,6.35189622096974,1.75024356497726,0.0442771751615112
"86","1978-06-30",5.9,-3.84716547661708,2.75180288938923,6.33950632186278,2.4923408452457,1.28685194823746
"87","1978-09-30",6,-4.22990730913941,1.41846349919561,6.51137508575657,2.28146777661715,0.027677510880153
"88","1978-12-31",6,-4.90708713245542,2.36615074981579,6.99049582273963,2.08340869028421,0.612533859325382
"89","1979-03-31",5.8,-4.62326117552867,4.17569081088525,7.52622264304006,2.90296146751139,1.16132403315774
"90","1979-06-30",5.7,-5.18362048775611,2.86105340412659,8.42106015365778,3.23743966590166,4.44483160283724
"91","1979-09-30",5.9,-6.25219233823879,3.65049973748546,9.25378193226536,3.00158959402657,0.940645787164129
"92","1979-12-31",6,-6.71958570145006,3.04344853002547,10.0245791687052,3.30499346725519,0.332953248701529
"93","1980-03-31",6.3,-6.90746224182634,4.79904839988681,10.9844599980979,4.07699775627153,1.27057542838322
"94","1980-06-30",7.6,-8.99742649741489,1.36210959519651,11.949670424047,2.95224392663211,-0.222006388382923
"95","1980-09-30",7.5,-10.9745751967621,3.32624899468854,12.6573072100147,1.6827320132526,1.33538333863292
"96","1980-12-31",7.2,-9.91899291275171,2.26424767497591,12.8551991464366,2.93620623368493,-1.66960580882787
"97","1981-03-31",7.4,-10.1410799001207,3.35461224912041,12.6554980802232,2.5144181801025,3.05223972332662
"98","1981-06-30",7.5,-9.64984373829299,1.53455696746603,11.7716430477775,2.12179930948455,-1.57047548247178
"99","1981-09-30",7.6,-7.91904243814827,0.304105657577924,10.7514757958623,2.83243335771406,-2.86244257530761
"100","1981-12-31",8.5,-9.28006204442469,0,10.348448275256,1.0683862308313,-0.921333287399406
"101","1982-03-31",9,-8.93506720225898,0.806455983672993,9.57066256232879,0.635595360069807,-1.30997578410508
"102","1982-06-30",9.6,-6.31411820730063,0.400802139753953,8.71381603843568,2.39969783113505,0.335219419728361
"103","1982-09-30",10.1,-7.41499724470664,0,8.13405529924209,0.719058054535449,-1.6763259779168
"104","1982-12-31",10.8,-6.73852539813848,0.498754151103853,6.73852539813848,0,0
"105","1983-03-31",10.3,-5.13427318778243,-0.0995520241501069,5.54285394004046,0.408580752258025,-2.45987854857859
"106","1983-06-30",10.1,-3.44365982587658,0.595830958363042,4.76013453499766,1.31647470912108,1.21317926432134
"107","1983-09-30",9.2,-2.63612535952866,0.9852296443011,3.63713471903875,1.00100935951009,-1.20384784528085
"108","1983-12-31",8.3,-2.12187816517277,0.293685967331037,3.11296655511815,0.991088389945372,-1.17659708713518
"109","1984-03-31",7.8,-1.63521187809965,1.55192251476004,3.10366704639171,1.46845516829206,0.410321100752142
"110","1984-06-30",7.2,-2.64164255407893,0.096200103619104,3.41608979362673,0.774447239547804,-1.9094983847701
"111","1984-09-30",7.3,-2.90411118987097,-0.578593706704389,3.86381145397192,0.959700264100949,-1.10657815132953
"112","1984-12-31",7.3,-3.46953451025815,0.0966650631094801,4.23071801422117,0.761183503963014,-0.71822882490622
"113","1985-03-31",7.2,-3.06767889449115,-0.387222168250911,4.29237625548848,1.22469736099733,0.0592701963622488
"114","1985-06-30",7.4,-3.37483433676136,0.19379851026784,4.02812644092361,0.653292104162251,-1.070098860896
"115","1985-09-30",7.1,-3.31250700216115,-1.16846509549733,3.86909470990566,0.556587707744516,-1.05983835037868
"116","1985-12-31",7,-2.33282965251156,1.45846046547629,3.61961211365089,1.28678246113934,0.0883451642504696
"117","1986-03-31",7.2,-3.92497111993888,-3.23716348574923,3.55900547818579,-0.365965641753085,-5.39422022752873
"118","1986-06-30",7.2,-2.88707282897118,-0.399600931338195,3.16167254385677,0.274599714885593,-2.08886900012857
"119","1986-09-30",7,-2.15300771560138,-0.501757199197961,2.69995529605498,0.546947580453594,-2.02277487298055
"120","1986-12-31",6.6,-1.61196530344287,0.301356330526392,2.33660615551956,0.724640852076686,-0.576697374748392
"121","1987-03-31",6.6,-0.445699995883109,1.49330798855729,1.7013218734244,1.25562187754129,1.57716043891938
"122","1987-06-30",6.2,-0.717115838554316,1.76302313762706,1.86910022184044,1.15198438328612,0.17292408237104
"123","1987-09-30",5.9,-1.29917911328901,0.677312700584576,2.35089783467577,1.05171872138676,-0.179503949622628
"124","1987-12-31",5.7,-2.17970505427192,0.481001408378479,2.96129826456712,0.781593210295206,-0.880338456207497
"125","1988-03-31",5.7,-2.95094050953093,0.669538608298481,3.72647218627877,0.775531676747843,-1.19366014051323
"126","1988-06-30",5.4,-2.68689153197752,2.16887332344502,3.96622667796847,1.27933514599095,0.217320141588573
"127","1988-09-30",5.4,-2.75529800264418,0.836047600846079,4.01847269323423,1.26317469059005,0.211978127731882
"128","1988-12-31",5.3,-2.99821424237552,0.829115758398125,3.99738991556753,0.99917567319201,-0.151719013426899
"129","1989-03-31",5,-2.78137280066946,2.267670867103,4.0164646640704,1.23509186340094,0.520432978969865
"130","1989-06-30",5.3,-2.72758746212829,1.24778802554433,4.2704520094349,1.54286454730661,1.79982997635015
"131","1989-09-30",5.3,-3.9960076419755,-0.443853369602554,4.55848401445211,0.562476372476617,-1.15173851261368
"132","1989-12-31",5.4,-3.42372010552836,0.532388125274963,4.61847744764015,1.19475734211179,-0.42180871741806
"133","1990-03-31",5.2,-2.86829243762659,1.05634785095692,4.67297068233392,1.80467824470734,1.48492939919436
"134","1990-06-30",5.2,-3.7491592783875,0.0875273578855307,4.75497046569102,1.00581118730352,-0.74226210112549
"135","1990-09-30",5.9,-2.65505238374615,3.52421516491397,4.63682455871843,1.98177217497228,2.04895205904307
"136","1990-12-31",6.3,-3.77381927076763,0.253057916571731,5.04867718189812,1.27485791113049,0.746831569508188
"137","1991-03-31",6.8,-4.98556213604004,-2.12864571978111,5.43165953010254,0.446097394062495,-3.66177123094928
"138","1991-06-30",6.9,-4.44633134453456,0.17196908795265,5.33260007031915,0.886268725784589,-0.138975226552063
"139","1991-09-30",6.9,-4.60531432594953,-0.258064659349166,5.3379183351568,0.732604009207272,-1.55770959016799
"140","1991-12-31",7.3,-3.80402205738481,-0.172413835814034,4.67612060792928,0.872098550544465,-0.121487986589486
"141","1992-03-31",7.4,-3.24448913871784,0.172413835814034,3.89360789830058,0.649118759582734,-0.707053718189954
"142","1992-06-30",7.8,-2.78516030135669,1.62327357618191,3.50149574271315,0.716335441356453,-0.411127066034922
"143","1992-09-30",7.6,-2.38554532981772,0,3.09678588139841,0.711240551580694,0.134924739778342
"144","1992-12-31",7.4,-2.15216257341451,-0.339558900113879,2.99902719711829,0.84686462370378,-0.643479211834475
"145","1993-03-31",7,-2.29536689744252,0.931026615109598,2.9956498712745,0.700282973831978,-0.394624118063547
"146","1993-06-30",7,-2.25889516304305,0.671706975594333,2.95430825761296,0.695413094569908,-0.651845098276738
"147","1993-09-30",6.7,-2.46629171428692,-0.671706975594333,2.95021937836182,0.483927664074901,-0.16265481160822
"148","1993-12-31",6.5,-2.00208658109045,-0.0842815051997015,2.89464314164087,0.892556560550428,-0.0756323314377028
"149","1994-03-31",6.5,-2.31146641271041,0.923212600030254,2.85679837084176,0.545331958131356,-0.402660481685402
"150","1994-06-30",6.1,-2.22505058161899,0.666114036678156,2.76742479255518,0.542374210936192,-0.653742338882779
"151","1994-09-30",5.9,-1.70288859721777,0.414079266603196,2.64502208005681,0.942133482839047,0.96508186956541
"152","1994-12-31",5.5,-2.15959563469879,0.741049089048484,2.69399904412593,0.534403409427142,0.111010189197103
"153","1995-03-31",5.4,-1.91184222560086,1.62737521478702,2.64201473620256,0.730172510601701,-1.10197113877
"154","1995-06-30",5.6,-1.88446036961061,1.12360732669261,2.67497832032193,0.790517950711322,0.171403665637015
"155","1995-09-30",5.6,-2.34997161918431,-0.0798403236024647,2.80823756029351,0.458265941109204,-0.88887683491663
"156","1995-12-31",5.6,-2.18480464202206,0.39856569302037,2.7059784601416,0.521173818119536,-0.128651905783883
"157","1996-03-31",5.5,-1.6556811724981,0.555336611655566,2.68995024994361,1.0342690774455,0.961487111737114
"158","1996-06-30",5.3,-1.93499426907033,1.25787822068597,2.70373604333898,0.768741774268644,0.649247110070306
"159","1996-09-30",5.2,-2.01390739697813,0.156128056695248,2.6500418576799,0.636134460701765,-0.106872889556087
"160","1996-12-31",5.4,-1.8779375498766,0.69957533660272,2.76178168735142,0.883844137474821,1.37903709594873
"161","1997-03-31",5.2,-2.52848669584533,-1.40407922892356,2.96749649468866,0.439009798843326,-0.626338305767149
"162","1997-06-30",5,-2.6983722104559,-0.0785854657339158,2.94837234066441,0.250000130208505,-1.36827164305728
"163","1997-09-30",4.9,-2.18272727590896,0.235571369245946,2.80500681973579,0.622279543826831,0.604544606779456
"164","1997-12-31",4.7,-2.24219298450388,-0.550532259535608,2.6137104396903,0.371517455186421,-0.857229206601318
"165","1998-03-31",4.7,-2.08013174843469,-1.67001893171346,2.20366480923389,0.123533060799197,-1.83551907119863
"166","1998-06-30",4.5,-1.37095298031131,0.0801603249336758,1.86356481391698,0.492611833605672,-0.345714319459134
"167","1998-09-30",4.6,-1.28474947857764,-0.804509568483169,1.71380315546441,0.42905367688677,-0.586612608480053
"168","1998-12-31",4.4,-0.970249531018363,-0.811034453745396,1.51919875949555,0.548949228477191,-0.550209293963277
"169","1999-03-31",4.2,-1.25402049209233,-0.162999221093063,1.49703397742149,0.243013485329158,0.288487839329221
"170","1999-06-30",4.3,-0.858091397873739,2.09854351638867,1.58360848599095,0.725517088117211,0.858351161745574
"171","1999-09-30",4.2,-0.589255814682743,2.21178052536191,1.667756382339,1.07850056765626,1.60518830664707
"172","1999-12-31",4,-1.36839365523937,-0.156372197618282,1.96257246811444,0.594178812875068,0.357075617268876
"173","2000-03-31",4,-0.929440572586326,2.32028970796643,2.22433800666666,1.29489743408033,2.28021824639022
"174","2000-06-30",4,-2.01990087717721,2.267670867103,2.71920442627418,0.699303549096975,0.360208596724831
"175","2000-09-30",3.9,-2.33957012423676,0.67039357221903,3.14929114749876,0.809721023262,0.597157374948409
"176","2000-12-31",3.9,-2.77543714200725,1.10743102990929,3.3498212599324,0.574384117925142,0.109347207283506
"177","2001-03-31",4.3,-2.67865809286323,-0.220507255831315,3.53409530252908,0.855437209665855,0.378255894849744
"178","2001-06-30",4.5,-2.44106133598976,-0.294768083734276,3.34553330183436,0.9044719658446,0.812373260175292
"179","2001-09-30",5,-2.98997127658056,-1.63694131350924,3.2148167900816,0.224845513501037,-1.45924177273287
"180","2001-12-31",5.7,-3.39888832900093,-3.97910182819743,3.00507628698716,-0.393812042013764,-4.34489971294241
"181","2002-03-31",5.7,-1.94008228322402,1.3183595367301,2.55823541764548,0.618153134421462,0.777694747479885
"182","2002-06-30",5.8,-1.54758312075571,0.843886864586452,2.16193858559632,0.61435546484061,0.34882446195752
"183","2002-09-30",5.7,-0.975891315111554,1.06383982050557,1.64182052410926,0.665929208997706,0.357026302024011
"184","2002-12-31",6,-0.826618885406427,0.452489459828964,1.37819226393661,0.551573378530179,0.537016182799022
"185","2003-03-31",5.9,-0.444464412194923,6.05803593399417,1.59295939888466,1.14849498668974,3.7619463654277
"186","2003-06-30",6.3,-2.435601008692,-2.29236399019364,1.99963301571089,-0.435967992981112,-2.781486042743
"187","2003-09-30",6.1,-1.12987810343392,0.361664047018806,2.21625489333268,1.08637678989876,2.89735455636908
"188","2003-12-31",5.7,-2.21185149550183,0.719427563402686,2.42771774230557,0.215866246803742,-0.167729190494725
"189","2004-03-31",5.8,-1.4600723299554,2.54790853009847,2.31890745321086,0.858835123255464,0.766611065743561
"190","2004-06-30",5.6,-1.04764261244852,2.82485197323714,2.00509673519051,0.957454122741996,1.5854851759098
"191","2004-09-30",5.4,-1.82691124372003,0.339098324255804,2.30222241055638,0.475311166836345,0.0742940161011063
"192","2004-12-31",5.4,-1.34539339735427,1.67845497926997,2.34146978493137,0.996076387577105,1.76263864235011
"193","2005-03-31",5.2,-1.93204253914432,2.30349112145163,2.65969647743132,0.727653938286998,-0.0991802382980467
"194","2005-06-30",5,-2.70730474169953,0.389610882456459,3.01754283954772,0.310238097848181,0.242698816133569
"195","2005-09-30",5,-0.26635728555755,4.99313823121978,2.86522966650988,2.59887238095233,9.00210667664503
"196","2005-12-31",4.9,-3.74930725456351,0.492005912544968,3.39657320276665,-0.352734051796855,-4.38051183570032
"197","2006-03-31",4.7,-2.59123292226018,-0.492005912544968,3.39566159398659,0.804428671726409,0.270022644286527
"198","2006-06-30",4.6,-2.40065221503454,2.37598749379364,3.44673896480849,1.04608674977396,1.06390211502863
"199","2006-09-30",4.5,-3.34926612508335,-0.422323402965841,3.8435825048353,0.494316379751947,-0.540293021625615
"200","2006-12-31",4.4,-3.03557705410193,0.120845936156844,3.18339674103301,0.147819686931072,-1.14241045798025
"201","2007-03-31",4.4,-1.91401175345902,2.20970471879305,2.98555202175619,1.07154026829717,1.76075258203063
"202","2007-06-30",4.6,-1.89181968642407,2.62329236922021,2.83529151826221,0.943471831838139,1.9178062475536
"203","2007-09-30",4.7,-1.84383053107904,-0.172761344437777,2.47541512230283,0.631584591223788,0.323207276935022
"204","2007-12-31",5,-1.29594659081937,2.89710690554852,2.6759947795115,1.38004818869213,2.48007188637871
"205","2008-03-31",5.1,-2.11666053774118,5.07612379770208,3.05949312747846,0.942832589737286,1.42888187485433
"206","2008-06-30",5.6,-1.48048887358299,6.4904340327204,3.34403665666276,1.86354778307978,5.58560285224203
"207","2008-09-30",6.1,-3.23613219465317,-1.81182611015442,3.88425290314143,0.648120708488253,0.20619547983145
"208","2008-12-31",7.3,-7.87101768071403,-14.1617395523534,4.39428612606825,-3.47673155464578,-14.2980358849684
"209","2009-03-31",8.7,-2.86448268547641,-1.65195497069757,3.38206728772033,0.517584602243915,-0.370969051085979
"210","2009-06-30",9.5,-1.22147857811044,3.5070806359573,2.29571337213903,1.07423479402859,2.72570946269148
"211","2009-09-30",9.8,-0.28462468122854,0,0.782012221484529,0.497387540255989,0.517218463533453
"212","2009-12-31",9.9,1.45955352037554,2.27153435214733,-0.773506250544154,0.686047269831391,1.00008863939571
"213","2010-03-31",9.9,0.0768956051188985,2.87789645500434,-0.0741350806190644,0.0027605244998341,0.18855260663635
"214","2010-06-30",9.4,-0.673719663186079,0.109051264896554,0.602842066743348,-0.0708775964427311,-1.02744071421625
"215","2010-09-30",9.5,-0.696694193825276,0.760047089845362,1.19086936375072,0.494175169925448,1.04286568607179
"216","2010-12-31",9.3,-0.814280160245695,2.56287385478897,1.81577686023353,1.00149669998784,2.86738577082311
"217","2011-03-31",9,-0.318119456347365,4.88654682095291,1.47885200813616,1.16073255178879,2.64919350617596
"218","2011-06-30",9.1,-0.774148198279501,2.3320332429912,1.56012618229704,0.785977984017538,0.925011275418086
"219","2011-09-30",9,-1.34836222284498,-0.0981354347649344,2.14189234919082,0.793530126345843,0.652456929572054
"220","2011-12-31",8.5,-2.52341986782847,-1.9331457018307,2.79930034777234,0.275880479943869,-1.16671082213138
"221","2012-03-31",8.2,-2.50174800125098,2.17830395161114,3.19644193380375,0.69469393255277,0.895832990250511
"222","2012-06-30",8.2,-3.31134243838209,-2.17830395161114,3.18758085820392,-0.123761580178172,-2.49460953384499
"223","2012-09-30",7.8,-1.65293041273187,2.27619921150959,2.73707099644009,1.08414058370823,2.53592403137617
"224","2012-12-31",7.9,-2.19524304544414,-1.42894769428112,2.28437500991177,0.0891319644676258,-1.48782988569636
"225","2013-03-31",7.5,-1.50857718537714,1.2330612457478,1.96639594952537,0.457818764148232,-0.00977237035719725
"226","2013-06-30",7.5,-1.63555903800656,0.146950797936007,1.70570775184684,0.070148713840279,-0.673617171259977
"227","2013-09-30",7.2,-1.249246190252,-0.195982424316643,1.72093201872185,0.471685828469859,-0.420708870581876
"228","2013-12-31",6.7,-1.00853420220335,-0.936198017920464,1.51038998244668,0.501855780243332,0.206625536238647
"229","2014-03-31",6.7,-0.893577222432018,2.44510958641637,1.44971602898449,0.556138806552475,0.757950141941066
"230","2014-06-30",6.1,-0.964450085414525,0.626055500155775,1.4728408782245,0.508390792809976,-0.0100190524037203
"231","2014-09-30",5.9,-1.45340600409456,-0.916331465951892,1.55704867370232,0.103642669607762,-1.17830461980546
"232","2014-12-31",5.6,-2.2195338416191,-4.66123048694191,1.70235936827421,-0.517174473344895,-3.40323097901454
"233","2015-03-31",5.4,-1.60662424624587,-2.83159201172882,1.48973154550511,-0.116892700740756,-2.41786394147638
"234","2015-06-30",5.3,-0.374430558496575,1.70855825877343,1.08426583531165,0.709835276815074,0.670407064091805
"235","2015-09-30",5,-0.686526258439124,-2.96974155440228,0.619600726377034,-0.0669255320620898,-2.33124455142999
"236","2015-12-31",5,-0.0936278511523891,-3.00613081697865,0.204304356740481,0.110676505588092,-1.57589774553344
"237","2016-03-31",5,-0.0666498750103273,-0.76586807610628,0.200728295234232,0.134078420223904,-1.69180446458483
"238","2016-06-30",4.9,0.467521524047476,2.97560498385616,0.428152890792455,0.895674414839931,0.944949552148699
"239","2016-09-30",5,-0.25532998769151,-0.373832211060687,0.651676149855618,0.396346162164107,-0.51300406961694
"240","2016-12-31",4.7,-0.429705193584784,0.693151268976244,1.03365938289279,0.603954189308009,0.686732859727357
"241","2017-03-31",4.4,-0.866098787318514,1.73825814694206,1.3819992921267,0.515900504808187,0.428026011814708
"242","2017-06-30",4.3,-1.65199887330751,1.09063662217768,1.76305194226551,0.111053068958,-0.832122133778768
"243","2017-09-30",4.3,-0.975266273337549,0.617921636595753,1.90148947142763,0.926223198090081,2.01469806969925
"244","2017-12-31",4.1,-1.50219038325288,0.767071007398101,2.05657833601469,0.554387952761815,-0.199068968160887
"245","2018-03-31",4,-1.36342239458409,1.51671259363333,2.07595622053522,0.712533825951134,-0.168983442494053
"246","2018-06-30",4,-1.47332042475645,2.42886785118159,2.04903691419542,0.575716489438971,0.546093223243105
"247","2018-09-30",3.7,-1.87179886457129,-0.29426210541974,2.33443879944635,0.462639934875053,0.347553707547732
"248","2018-12-31",3.9,-2.13976893786043,-1.28523766172917,2.37147560991202,0.23170667205159,-1.68876696203029
"249","2019-03-31",3.8,-1.77412258255463,-0.0995520241501957,2.34023365933669,0.566111076782061,0.00370209283211409
"250","2019-06-30",3.6,-1.84746232003528,-0.249314514580146,2.22322769118335,0.375765371148074,-0.51373925474465
"251","2019-09-30",3.5,-1.41160124583248,-0.953104782099956,1.94006808833704,0.52846684250456,-0.262088819568262
"252","2019-12-31",3.6,-0.971982292337814,0.301962987371951,1.78926102820187,0.817278735864058,1.00795636035009
"253","2020-03-31",4.4,-2.05594194663734,-3.00966352900236,1.86551730419737,-0.190424642439968,-2.51174920248296
"254","2020-06-30",11,-2.23109342893322,-0.988818881716824,1.78924533767963,-0.441848091253583,-0.0594568117847416
"255","2020-09-30",7.9,-0.381402329747482,2.224037880812,1.55855778513421,1.17715545538672,0.24261046374825
"256","2020-12-31",6.7,-0.705093722083139,2.52538673212035,1.47358565890194,0.768491936818805,1.10217194981921
"257","2021-03-31",6.1,-0.137307578122514,6.98237813810385,1.23002381695525,1.09271623883274,2.5118490342539
"258","2021-06-30",5.9,0.612113284063964,6.26471988308586,1.49638112513224,2.1084944091962,-0.524849290313867
"259","2021-09-30",4.8,-1.33071723977407,2.91812396369675,2.60472742402209,1.27401018424802,2.11233923535055
"260","2021-12-31",3.9,-1.10289902427658,2.3731973951735,3.57511525190672,2.47221622763014,2.18809534007711
"261","2022-03-31",3.6,-2.66632975567127,7.45370351724981,4.98363085225551,2.31730109658423,3.90132401150822
"262","2022-06-30",3.6,-3.88476415506653,7.4950154468822,6.37750744672398,2.49274329165745,3.15027564672405
"263","2022-09-30",3.5,-6.61727591158938,-4.50793191380381,7.22986063669533,0.612584725105947,-3.38679511698494
"264","2022-12-31",3.5,-7.06950541391655,-3.80460306465285,7.89264377966583,0.823138365749276,-0.870211954051214
"265","2023-03-31",3.5,-6.77913382566069,-0.32429794674993,7.71722638446328,0.938092558802595,-1.23203578040929
"266","2023-06-30",3.6,-6.21951217426859,-1.23453042543256,6.89086064037745,0.671348466108856,-1.31627589144578
"267","2023-09-30",3.8,-4.32220812376578,2.0573953991569,5.51308396928916,1.19087584552338,1.72359990343693
