date,spx
1991-04-30,-0.0141157225403022
1991-05-06,0.0190547556602256
1991-05-13,-0.0132359892851515
1991-05-20,-0.00891573960717529
1991-05-31,0.0391256478423159
1991-06-03,0.00736510233615872
1991-06-10,-0.0266283574048896
1991-06-17,0.00756397754526539
1991-06-24,-0.0119278053884384
1991-06-28,-0.00884206067665594
1991-07-01,-0.00860042735042732
1991-07-15,0.0245164071340049
1991-07-22,0.0103344903755127
1991-07-29,-0.00853699799588759
1991-07-31,0.0151208883521907
1991-08-05,0.00124130440404469
1991-08-12,-0.000154970684712152
1991-08-19,-0.00395236496086393
1991-08-26,0.0222781264588414
1991-08-30,0.00583504579242455
1991-09-09,-0.0185638257623528
1991-09-16,-0.0141862198350082
1991-09-23,0.0112359550561798
1991-09-30,-0.00513018819283306
1991-10-07,-0.0121530926900054
1991-10-14,0.000603326163370221
1991-10-21,0.0289421942587496
1991-10-28,-0.0211215572371272
1991-10-31,0.0228006246746486
1991-11-04,-0.00424979641693801
1991-11-11,0.00411459531293912
1991-11-18,-0.0261644184270806
1991-11-25,-0.0169358632585855
1991-12-02,-0.00273834210666235
1991-12-09,0.0106102210018393
1991-12-16,0.0142182595162099
1991-12-23,0.00668435289221803
1991-12-31,0.0725746027645007
1992-01-14,-0.00192706075059024
1992-01-21,0.00487522324660916
1992-01-28,-0.0033144394274186
1992-01-31,-0.00802448310761972
1992-02-04,-0.00497995870278134
1992-02-11,0.0101806640625
1992-02-25,-0.00362520240713438
1992-02-28,0.00385669585465842
1992-03-03,-0.00340694920987783
1992-03-10,-0.017553642865802
1992-03-17,0.00291207028454377
1992-03-24,0.00866163045350543
1992-03-31,-0.0168573589324487
1992-04-07,0.00642679900744403
1992-04-14,0.00120811657092146
1992-04-28,0.00583628841607564
1992-04-30,0.00874035989717226
1992-05-05,0.0118683559050532
1992-05-12,0.00378978676452957
1992-05-19,-0.0135487108413582
1992-05-29,0.00949566396976897
1992-06-02,0.00134376349762433
1992-06-09,-0.00934579439252348
1992-06-16,-0.00752298016448949
1992-06-23,-0.0167930000731191
1992-06-30,0.0137332672285573
1992-07-14,0.014476451313151
1992-07-21,-0.00267560140770384
1992-07-28,-0.00531722054380657
1992-07-31,0.0300571012027699
1992-08-04,0.00275995470843537
1992-08-11,-0.0132677785880637
1992-08-18,0.00307545595422587
1992-08-25,-0.0237914151257308
1992-08-31,0.0100796143451902
1992-09-01,-0.00202473063851338
1992-09-15,0.0270270270270272
1992-09-22,-0.00724330934575057
1992-09-29,-0.0130762306343867
1992-09-30,0.000408045701118631
1992-10-06,-0.0221214520501932
1992-10-13,-0.000318963613612389
1992-10-20,0.0185057922638916
1992-10-27,0.00771121499831318
1992-10-30,0.00640872351618915
1992-11-03,0.00449080454307849
1992-11-10,-0.00984033116499117
1992-11-17,0.00487350390597019
1992-11-24,0.0107220122197655
1992-12-01,0.0146069530037165
1992-12-08,0.00918047988872139
1992-12-15,-0.00572006156532123
1992-12-22,0.0182061827087472
1992-12-31,-0.00426594054912643
1993-01-14,-0.0130805341597922
1993-01-21,0.000669622240694556
1993-01-28,0.0109836859958004
1993-01-29,0.00123251089859178
1993-02-04,0.0194451409943692
1993-02-11,-0.0022137745974955
1993-02-25,-0.0123484457990632
1993-02-26,0.0037213523939188
1993-03-04,0.0156440746936746
1993-03-11,0.0157815073676713
1993-03-18,-0.0175084912895804
1993-03-25,-0.000602194665001443
1993-03-31,0.00865897475953514
1993-04-01,-0.000663760869084262
1993-04-08,-0.019837491974229
1993-04-22,0.00189740462153565
1993-04-29,-0.0124675910269418
1993-04-30,0.00198621067531168
1993-05-06,0.0130100936453326
1993-05-13,0.00033738191632926
1993-05-20,0.00634064080944352
1993-05-27,0.0131152668856269
1993-06-03,0.000882145377558263
1993-06-10,-0.01775956284153
1993-06-17,0.00370137736103016
1993-06-24,-0.00981159063987658
1993-06-30,0.0172670639219934
1993-07-01,-0.000332823004726035
1993-07-15,-0.000998801438274133
1993-07-22,-0.00646537359194821
1993-07-29,2.23623596762312e-05
1993-07-30,0.00670855788367364
1993-08-05,-0.00364290632843911
1993-08-12,0.00428045925760778
1993-08-19,0.0122982662552444
1993-08-26,0.0088375254928621
1993-08-31,0.00404312668463613
1993-09-02,0.00266291405066044
1993-09-16,-0.00343316131539739
1993-09-23,-0.0114616284612385
1993-09-30,0.00846027397260274
1993-10-07,0.00130403599139339
1993-10-14,0.00182327277463057
1993-10-21,0.00977142238110718
1993-10-28,-0.0033042955842596
1993-10-29,0.00688883148195996
1993-11-04,-0.0100487471136579
1993-11-11,0.00151181374454668
1993-11-18,0.00239368584490629
1993-11-30,-0.00630337973022399
1993-12-02,-2.1649707728888e-05
1993-12-09,0.00952607763753277
1993-12-16,-0.0095005254240923
1993-12-23,0.0117784610054994
1993-12-31,0.00291033597260859
1994-01-07,-0.00334997652882696
1994-01-14,0.0115823502965169
1994-01-21,0.00524867724867728
1994-01-28,0.00435807823487311
1994-01-31,0.00345875694371656
1994-02-04,0.00413620221433053
1994-02-11,-0.0244445369060498
1994-02-18,0.00290021964898823
1994-02-28,-0.00897318675710734
1994-03-04,-0.00652262535670611
1994-03-11,0.00179254044014443
1994-03-18,0.0151554348294745
1994-03-25,-0.0138885939391364
1994-03-31,-0.0404867018412836
1994-04-08,0.0119851868477163
1994-04-15,-0.0100024396194194
1994-04-22,0.00526457278551917
1994-05-06,0.0058832705635905
1994-05-13,-0.0171699492655693
1994-05-20,0.0289887741760968
1994-05-27,0.00120487206449349
1994-06-03,0.00135658490689883
1994-06-10,0.000458865945591747
1994-06-17,0.00888918009872008
1994-06-24,-0.0266274110796009
1994-06-30,-0.0044481017725686
1994-07-01,-0.00750619931639973
1994-07-15,0.0202804600805817
1994-07-22,-0.0014781150723614
1994-07-26,0.00362342855880327
1994-07-29,0
1994-08-05,0.00900385250412761
1994-08-12,0.00117816468124099
1994-08-19,0.00952318688981868
1994-08-26,0.0104263356718834
1994-08-31,0.0170697316698001
1994-09-02,-0.00602852521687991
1994-09-16,0.00340236686390538
1994-09-23,-0.0285166698258251
1994-09-30,0.00216792767793272
1994-10-07,-0.0214160555519501
1994-10-14,0.0340650352587484
1994-10-21,-0.00233015520116286
1994-10-28,-0.00182133750455338
1994-10-31,0.0170015455950541
1994-11-04,-0.012242485646741
1994-11-11,-0.00809898281904431
1994-11-18,-0.00122799836266885
1994-11-30,-0.018183779119931
1994-12-02,-0.0137311334226773
1994-12-09,-0.00772966230063266
1994-12-16,0.0222247165787406
1994-12-23,0.0095530910288788
1995-01-12,0.00422014357189471
1995-01-13,0
1995-01-20,0.0115024694567196
1995-01-27,0.00293393296926858
1995-01-31,0.000405705500512443
1995-02-03,0.00911399970118021
1995-02-10,0.0156732518296037
1995-02-17,0.0103292446739831
1995-02-28,-0.00276203236112538
1995-03-03,0.00272834377131526
1995-03-10,-0.00406076721703452
1995-03-17,0.0253953141816374
1995-03-24,0.00129180711704979
1995-03-31,0.0118330074384663
1995-04-07,0.00834761126827899
1995-04-21,-0.000987888487147592
1995-04-28,0.0158416233214009
1995-05-05,0.0138423798769567
1995-05-12,0.00695151224195878
1995-05-19,-0.00913477124930862
1995-05-24,0.0173409292120559
1995-05-26,0
1995-06-02,0.00926994456951502
1995-06-09,-0.00213687229376369
1995-06-16,0.00969287123133267
1995-06-23,0.0252274376290675
1995-06-30,-0.0130654907724972
1995-07-14,0.0314964973247283
1995-07-21,-0.0136541889483065
1995-07-28,0.0214696208479417
1995-07-31,-0.00405151976221663
1995-08-04,-0.0074254347787468
1995-08-11,-0.00232662192393729
1995-08-18,0.00285227374652419
1995-08-25,-0.00282627361190602
1995-08-31,0.00651167796792596
1995-09-01,0.00140797376534962
1995-09-15,0.0386737381647326
1995-09-22,-0.00104521855348605
1995-09-29,0.0049228130360206
1995-10-06,-0.00553023708331202
1995-10-13,0.000806686919657462
1995-10-20,0.0129480363573999
1995-10-27,-0.0235841869127232
1995-10-31,0.0113226522402552
1995-11-03,0.0110930132876126
1995-11-10,0.00600284880960444
1995-11-17,0.00687725449212828
1995-11-30,0.0172431111259919
1995-12-01,-0.00373576459745895
1995-12-08,0.017840329054958
1995-12-15,0.00121719655289931
1995-12-22,-0.0104227452505997
1996-01-12,-0.0127766220576913
1996-01-19,0.0092087142643813
1996-01-26,0.0144515322898855
1996-01-31,0.0212631476589469
1996-02-02,0.0131873363484885
1996-02-09,0.0275819941734801
1996-02-16,-0.00724008108890817
1996-02-29,-0.0100872075170424
1996-03-01,-0.00670027142303231
1996-03-08,0.0206423809003327
1996-03-15,-0.0195517478773043
1996-03-22,0.0129823521150936
1996-03-29,-0.000385095272570468
1996-04-12,-0.0273677073381208
1996-04-19,0.0196932729173929
1996-04-26,0.0143875949721104
1996-04-30,0.0019758910656027
1996-05-03,-0.01647914883209
1996-05-10,0.00320184028101589
1996-05-17,0.0300725086762519
1996-05-24,0.0167707001579303
1996-06-07,-0.00439349112426035
1996-06-14,-0.00759252930775745
1996-06-21,-0.0087136183974128
1996-06-28,0.00974173085636609
1996-07-12,-0.0342233191234762
1996-07-19,-0.0033453621819195
1996-07-26,-0.0191760811797796
1996-07-31,0.00648002915220935
1996-08-02,0.0232345811163932
1996-08-09,0.0193378665271839
1996-08-16,-0.000467860969830647
1996-08-23,0.0126834571480341
1996-08-30,-0.0198007991888829
1996-09-13,0.0209157286279282
1996-09-20,0.0176562616404679
1996-09-27,0.00418740849194732
1996-09-30,0.000481147756101974
1996-10-04,0.00960375406228575
1996-10-11,0.00264153122203292
1996-10-18,0.0178229510084795
1996-10-25,-0.00664790166763329
1996-10-31,-0.00197923934556943
1996-11-01,0.00623484091881865
1996-11-08,0.0317325279680123
1996-11-15,0.0113103827389542
1996-11-22,0.00933576126542368
1996-12-06,0.00219454729047452
1996-12-13,-0.0202181681399285
1996-12-20,0.0225275252629125
1996-12-31,0.0108479939927055
1997-01-14,0.00750812495854603
1997-01-21,0.0226330133902122
1997-01-28,-0.0150379812025235
1997-02-11,-0.00165240933992616
1997-02-25,0.0316387201914874
1997-02-28,-0.0187712889371574
1997-03-04,0.000301860213566041
1997-03-11,0.0230601903660208
1997-03-18,-0.0220487924783382
1997-03-25,-0.00605748325394939
1997-04-01,-0.0426987318084689
1997-04-08,0.00661718089602714
1997-04-15,-0.0241428627661947
1997-04-22,0.0223737108897046
1997-04-29,0.0165577284742955
1997-04-30,0.0272847236596976
1997-05-06,0.0455764750330585
1997-05-13,0.00893717479283085
1997-05-20,-0.00524078981925835
1997-05-30,0.0129729859469321
1997-06-03,0.0027011657662781
1997-06-10,0.0195543267640248
1997-06-17,0.0359133629231323
1997-06-24,-0.0170936346347466
1997-06-30,0.0098791286335389
1997-07-01,-0.00243435140313308
1997-07-15,0.0375533813859954
1997-07-22,-0.00592347394324788
1997-07-29,0.0257519661752141
1997-07-31,0.0169149447381065
1997-08-05,-0.00208969956630856
1997-08-12,-0.0139955803430495
1997-08-19,-0.0261579509071505
1997-08-26,0.00840557156790744
1997-08-29,-0.0179207963832377
1997-09-09,0.0304646607721846
1997-09-16,-0.0122744845360826
1997-09-23,0.0387705622057688
1997-09-30,-0.00218749672922136
1997-10-07,0.0202970608597144
1997-10-14,-0.00471887240539126
1997-10-21,-0.0129015597562235
1997-10-28,-0.0822720565921244
1997-10-31,0.0304336423448386
1997-11-04,0.0390735658640227
1997-11-11,-0.0190204368523627
1997-11-18,0.0272165709508974
1997-11-25,0.000496723737053451
1997-12-02,0.0296935574170514
1997-12-09,0.0077863723096494
1997-12-16,-0.0193206225760152
1997-12-23,-0.0100582318687136
1997-12-31,0.0179721086295481
1998-01-14,-0.0192822710230316
1998-01-28,0.0177498634625888
1998-01-30,0.0169965532187157
1998-02-04,0.0208119818567414
1998-02-11,0.0129324055666005
1998-02-25,0.0113345305737922
1998-02-27,0.0175729700357088
1998-03-04,0.00319452258575148
1998-03-11,0.0116252542727324
1998-03-18,0.0152219873150106
1998-03-25,0.02332361516035
1998-03-31,-0.0109437887215666
1998-04-01,0.00749851401399115
1998-04-08,0.00707964601769917
1998-04-22,0.0154296786985717
1998-04-29,-0.0368874648299858
1998-04-30,0.00877330408898658
1998-05-06,0.0190658030567405
1998-05-13,0.000259973106230271
1998-05-20,-0.00561933697201089
1998-05-29,-0.0107433845266423
1998-06-03,-0.00399052478134099
1998-06-10,0.0230420226486892
1998-06-17,-0.0275569782101378
1998-06-24,0.0293309059480136
1998-06-30,0.0169720140421084
1998-07-01,-0.00408435735052581
1998-07-15,0.0385768715162633
1998-07-22,-0.0106234820564208
1998-07-29,-0.0298951994300771
1998-07-31,0.0112453992072481
1998-08-05,-0.0619712148387945
1998-08-12,-0.00292877662948166
1998-08-19,0.0301408819622444
1998-08-26,-0.00758263712313856
1998-08-31,-0.0601271903737931
1998-09-02,-0.0320112156083885
1998-09-16,0.0436706696437552
1998-09-23,-0.00775769023205608
1998-09-30,0.0188320076143855
1998-10-07,-0.061419229375989
1998-10-14,0.01036979859637
1998-10-21,0.0694913550462406
1998-10-28,0.00132527515907999
1998-10-30,0.0193271631591794
1998-11-04,0.0229388634626539
1998-11-11,0.0156818263656333
1998-11-18,0.00980270505025427
1998-11-25,0.0383298809816381
1998-12-02,-0.00651738391702383
1998-12-09,0.00519025253556604
1998-12-16,-0.0157019756555894
1998-12-23,0.0350352158097056
1998-12-31,0.0235632327160034
1999-01-14,0.00200498404941851
1999-01-28,0.00710466623460793
1999-01-29,0.017857573783151
1999-02-04,0.00529489398357796
1999-02-11,-0.0381425550480713
1999-02-25,0.0244043970413961
1999-02-26,-0.00669373947870222
1999-03-04,-0.0139114231096689
1999-03-11,0.048171377372322
1999-03-18,0.00853252929657144
1999-03-25,-0.0225223836895717
1999-03-31,0.0253509802221366
1999-04-01,-0.0110551604843361
1999-04-15,0.0327044318508674
1999-04-22,0.00578121706663448
1999-04-29,0.0110693650270934
1999-04-30,-0.00598115344471517
1999-05-06,0.00333623764735669
1999-05-13,0.0123876464956099
1999-05-20,-0.0144941348973607
1999-05-27,-0.0293625346852845
1999-06-03,-0.00762592354149427
1999-06-10,0.0184042446382096
1999-06-17,0.00892586301037435
1999-06-24,0.00199186716876731
1999-06-30,0.0137953280422487
1999-07-01,0.0157312516186319
1999-07-15,0.018547253243584
1999-07-22,-0.0135033651129691
1999-07-29,-0.0100703985383783
1999-07-30,-0.0178482495971877
1999-08-05,-0.0266213283819154
1999-08-12,-0.00260470532355794
1999-08-19,0.0237416758197444
1999-08-26,0.0367260886528016
1999-08-31,-0.0418080895070886
1999-09-02,0.00532469298046845
1999-09-16,-0.0098417062964381
1999-09-23,-0.00566021988360887
1999-09-30,-0.0321554204088486
1999-10-07,0.044963220511365
1999-10-14,-0.0300663950505509
1999-10-21,0.00301816343199413
1999-10-28,0.00564590555516786
1999-10-29,0.0352661736240176
1999-11-04,0.00930395399421946
1999-11-11,0.013675983261128
1999-11-18,0.0271212849300306
1999-11-30,-0.00204152518944367
1999-12-02,-0.00718126478338998
1999-12-09,0.00440717740319951
1999-12-16,0.00672422144342799
1999-12-23,0.0161393032009738
1999-12-31,0.0212933369541755
2000-01-07,-0.0431305438702947
2000-01-14,0.0329402543731518
2000-01-28,-0.0352629545830805
2000-01-31,-0.0274568127216565
2000-02-04,0.0476488060228208
2000-02-11,-0.00571240096282732
2000-02-18,-0.0201647339483212
2000-02-29,-0.0289643150418509
2000-03-03,0.0250064908571641
2000-03-10,0.014423633626679
2000-03-17,0.0405082436202013
2000-03-24,0.047227574101627
2000-03-31,-0.0258159557403345
2000-04-07,0.00901930211301671
2000-04-14,-0.0405171380233658
2000-04-28,0.0169453873975189
2000-05-05,-0.0377836332359447
2000-05-12,-0.00124860773143587
2000-05-19,0.0208834999041065
2000-05-26,-0.0387486866915761
2000-06-02,0.0487072210319068
2000-06-09,0.00887625016392768
2000-06-16,0.011671581136645
2000-06-23,-0.0179545961737436
2000-06-30,-0.00674158850831164
2000-07-14,0.0370565519727672
2000-07-21,-0.000180500588298216
2000-07-28,-0.0307240717585937
2000-07-31,-0.0205088230018901
2000-08-04,0.0230088246272597
2000-08-11,0.00529410144847731
2000-08-18,0.0245300462249614
2000-08-25,0.00818143536064486
2000-08-31,-0.00379232385915362
2000-09-01,0.0100426596742957
2000-09-15,-0.0242541247166729
2000-09-22,-0.0214873689115181
2000-09-29,0.0063765915599876
2000-10-06,-0.0150930199068773
2000-10-13,-0.0741498872086223
2000-10-20,0.044353201281415
2000-10-27,-0.0175120251159308
2000-10-31,0.0250798862537012
2000-11-03,0.0212060114681194
2000-11-10,-0.0197294723871401
2000-11-17,-0.019869441627266
2000-11-30,-0.0221595546228284
2000-12-01,-0.020090766146761
2000-12-08,0.0217498764211566
2000-12-15,-0.00195005768300394
2000-12-22,-0.0492717740672519
2001-01-12,0.0407574165006355
2001-01-26,0.0231304924556459
2001-01-31,0.0119483466051815
2001-02-02,-0.000189265721793896
2001-02-09,-0.0298077133100833
2001-02-16,-0.00444267671271947
2001-02-28,-0.0517635175371811
2001-03-02,-0.0132836224303227
2001-03-09,0.0189408892791827
2001-03-16,-0.0720938690956244
2001-03-23,-0.0477010123044412
2001-03-30,0.0271747883820399
2001-04-06,0.00304020209939448
2001-04-20,0.0888105328979365
2001-04-27,-0.0152987158012284
2001-04-30,0.0150098823834364
2001-05-04,-0.00356729579825232
2001-05-11,0.00528600490156839
2001-05-18,0.0265380264185215
2001-05-25,0.00363215857321375
2001-06-01,-0.0288825135133046
2001-06-08,0.016833622652928
2001-06-15,-0.0447077433905527
2001-06-22,0.0140752703156894
2001-06-29,-0.00876285326262682
2001-07-13,-0.0147284292937531
2001-07-20,0.00569470425612906
2001-07-27,-0.00995045349047741
2001-07-31,0.00132177267172651
2001-08-03,0.0134742470029556
2001-08-10,-0.0305713700593897
2001-08-17,-0.00149565246782657
2001-08-24,-0.0165614474552749
2001-08-31,-0.0284487432126599
2001-09-21,-0.127977113097083
2001-09-28,0.0346049931947916
2001-10-05,0.0500780475353666
2001-10-12,0.0259998878106245
2001-10-19,-0.0262613560773809
2001-10-26,0.0294588296946501
2001-10-31,-0.0366333663609341
2001-11-02,0.0229385066852867
2001-11-09,0.0317682870583895
2001-11-16,0.0211883347935702
2001-11-30,-0.00178596442078716
2001-12-07,0.0235923522189088
2001-12-14,-0.0408876702938906
2001-12-21,0.0183583769586735
2001-12-31,0.0185011360346687
2002-01-14,-0.0132814249539199
2002-01-28,-0.010754189944134
2002-01-31,-0.0173919949174079
2002-02-04,0.00774984958287317
2002-02-11,-0.0231509534842275
2002-02-25,-0.00581999963510982
2002-02-28,0.0183971959186671
2002-03-04,0.0197226752200668
2002-03-11,0.02874233508279
2002-03-18,0.00158892391201659
2002-03-25,-0.0149722165054538
2002-04-01,-0.00114041960477052
2002-04-08,-0.0214922563382983
2002-04-15,-0.0104388410392525
2002-04-22,0.0127451598095427
2002-04-29,-0.0434156616333533
2002-04-30,-0.0100992269956889
2002-05-06,0.00748979304519226
2002-05-13,-0.0171785770846725
2002-05-20,0.0489104162124758
2002-05-31,-0.0378911792081981
2002-06-03,0.00232938215016998
2002-06-10,-0.0371179039301311
2002-06-17,-0.0197171858729186
2002-06-24,-0.0179991462070745
2002-06-28,0.00151646885172974
2002-07-01,-0.000827747718646465
2002-07-15,-0.0691337818997394
2002-07-22,-0.0799118722799249
2002-07-29,0.00599226196093228
2002-07-31,0.058557290933821
2002-08-05,-0.0426903564545071
2002-08-12,0.0513746181616217
2002-08-19,0.0221539883782356
2002-08-26,0.0130172163183566
2002-08-30,-0.0245094913164552
2002-09-09,-0.0260187404663326
2002-09-16,-0.00459772686593884
2002-09-23,-0.0499207696024994
2002-09-30,-0.0213156058150675
2002-10-07,-0.0323797091990282
2002-10-14,0.0433935396837293
2002-10-21,0.05874395441268
2002-10-28,0.0149933852712039
2002-10-31,-0.00773129839024111
2002-11-04,0.0115076736536022
2002-11-11,-0.00690374711418928
2002-11-18,0.0168652345932898
2002-11-25,0.0227734851565675
2002-12-02,0.00618988770082218
2002-12-09,-0.0257179780201001
2002-12-16,-0.0249388860265504
2002-12-23,0.00703781984979979
2002-12-31,-0.0182530645053253
2003-01-14,0.0532983090551404
2003-01-28,-0.0850517133418263
2003-01-31,-0.00338651059612027
2003-02-04,0.0186003007305147
2003-02-11,-0.0283034219825181
2003-02-25,-0.00405516944387951
2003-02-28,0.0056451031732685
2003-03-04,-0.00295002866424621
2003-03-11,-0.0327379882847593
2003-03-18,0.0684970525585773
2003-03-25,0.00166900404501691
2003-03-31,-0.000844682549784204
2003-04-01,-0.0177417486971627
2003-04-08,0.0374330920323516
2003-04-15,0.00602320639141762
2003-04-29,0.033448934175299
2003-04-30,0.00327926194744443
2003-05-06,0.00948967140242307
2003-05-13,0.0200312989045384
2003-05-20,-0.0257536159812086
2003-05-30,0.0313541926865559
2003-06-03,0.0182806116001852
2003-06-10,0.00923474663908985
2003-06-17,0.0356685418011538
2003-06-24,-0.0287907869481766
2003-06-30,-0.00552137239721273
2003-07-01,-0.00176189793284298
2003-07-15,0.0301282709081581
2003-07-22,-0.0249636403482558
2003-07-29,0.0181038005721292
2003-07-31,-0.00906153413880306
2003-08-05,-0.00472916181429683
2003-08-12,-0.00226898109521578
2003-08-19,0.0195290590358865
2003-08-26,-0.00603156820773398
2003-08-29,0.00918779120669
2003-09-09,0.0287184396314468
2003-09-16,-0.0163138304059557
2003-09-23,0.00789310314246028
2003-09-30,-0.0158776715355585
2003-10-07,0.0275884678813407
2003-10-14,0.0106346981195919
2003-10-21,-0.000640933658583087
2003-10-28,-0.0129704789983536
2003-10-31,0.0153326932588518
2003-11-04,0.0115383880642634
2003-11-11,-0.0112462465298107
2003-11-18,-0.00332343306815885
2003-11-25,0.00809673926583154
2003-12-02,0.0171469850201504
2003-12-09,-0.000766269203453795
2003-12-16,-0.00117834097072855
2003-12-23,0.0233137335680313
2003-12-31,0.0152798872765203
2004-01-14,0.0104358170217367
2004-01-28,0.0203617488093326
2004-01-30,-0.00868843144967446
2004-02-04,0.00169295747326093
2004-02-11,0.00837125780129044
2004-02-25,-0.00563053232536626
2004-02-27,0.00589066711146624
2004-03-03,0.00288008378425553
2004-03-10,-0.00741449830301977
2004-03-17,-0.0261971979168493
2004-03-24,-0.0150805798145314
2004-03-31,0.0302116184469126
2004-04-07,0.0187755102040816
2004-04-21,-0.0261374721293199
2004-04-28,0.0178509144569152
2004-04-30,-0.0212808955197651
2004-05-05,0.00508129168948446
2004-05-12,-0.0215265061855209
2004-05-19,-0.00361495275914014
2004-05-26,0.0197528149593673
2004-06-02,0.00732222272135141
2004-06-09,0.018712094184802
2004-06-23,-0.0068027806475337
2004-06-30,0.00157791274759567
2004-07-14,-0.0185354691075514
2004-07-21,-0.00580196208547812
2004-07-28,-0.0124834260871135
2004-07-30,0.00511494935286771
2004-08-04,-0.000672464400279904
2004-08-11,-0.0187780192599734
2004-08-18,0.00247442170818513
2004-08-25,0.0133862125708368
2004-08-31,0.0027002618159262
2004-09-01,0.00463085111222306
2004-09-15,0.0218159095848727
2004-09-22,0.000859677576595441
2004-09-29,-0.0170371026299477
2004-09-30,0.00427003945732674
2004-10-06,0.0176533907427341
2004-10-13,-0.011141668429589
2004-10-20,-0.016588818369821
2004-10-27,0.00712453432194549
2004-10-29,0.0147152795903123
2004-11-03,0.00274959199602631
2004-11-10,0.0296672386647088
2004-11-17,0.00975018899044744
2004-11-24,0.00128463626077258
2004-12-01,-0.00268492871344339
2004-12-08,0.00280291025575496
2004-12-15,0.0223521115991403
2004-12-22,0.00172015489704003
2004-12-31,0.00671948235098929
2005-01-07,-0.0211445758312389
2005-01-14,-0.00878869255570802
2005-01-28,-0.00246294959446269
2005-01-31,-0.0027159337618663
2005-02-04,0.015819218685972
2005-02-11,0.00598374639672561
2005-02-18,0.00312445175896614
2005-02-28,0.00884447220487194
2005-03-04,-0.00074296044973865
2005-03-11,-0.00100787297496019
2005-03-18,-0.0157452966714906
2005-03-31,-0.00739365322086016
2005-04-01,-0.000694085880431183
2005-04-08,0.00893620986117116
2005-04-15,-0.0244219823026681
2005-04-22,-0.00180715115528585
2005-04-29,-0.014423035475667
2005-05-06,0.0257255821276745
2005-05-13,-0.0113164425266283
2005-05-20,0.0273599227159813
2005-05-27,0.00549081505860216
2005-06-03,0.00556937926888335
2005-06-10,-0.00279002565827158
2005-06-17,0.0083268800013323
2005-06-24,-0.00842327797643139
2005-06-30,-0.000732887493441581
2005-07-01,-0.0071008876109514
2005-07-15,0.0295216270890517
2005-07-22,0.000440277211577689
2005-07-29,0.0135936888772983
2005-08-05,-0.00631975042614108
2005-08-12,0.00157784862363064
2005-08-19,-0.0151800357082266
2005-08-26,-0.00543059178684513
2005-08-31,-0.00329099307159353
2005-09-02,0.0109068941832655
2005-09-16,0.00559107392824121
2005-09-23,-0.0112339427882973
2005-09-30,0.0107523340633287
2005-10-07,-0.0294783656979017
2005-10-14,-0.0122955291273952
2005-10-21,0.00081574385642913
2005-10-28,0.00093394464255403
2005-10-31,0.0165493256425482
2005-11-04,0.0179654709156298
2005-11-11,0.0090332311425152
2005-11-18,0.00961850913108453
2005-11-30,0.0118120373350499
2005-12-02,0.00571778477590112
2005-12-09,-0.00698205856073142
2005-12-16,0.0120238246910436
2005-12-23,-0.00221883015720659
2006-01-13,0.0141469261584077
2006-01-27,-0.0095096651789186
2006-01-31,0.00892583782765377
2006-02-03,-0.0111733582321819
2006-02-10,-0.0055239054483649
2006-02-17,0.0202243990441677
2006-02-28,0.0036761854534737
2006-03-03,-0.00384817482150013
2006-03-10,-0.0131172719797695
2006-03-17,0.0260173081911288
2006-03-24,-0.00280388867183001
2006-03-31,-0.00109090629729502
2006-04-07,0.00676023841568929
2006-04-21,0.00184868300433916
2006-04-28,-0.00132676558949574
2006-05-05,0.00193171059463082
2006-05-12,-0.00485425795389594
2006-05-19,-0.0337473581033481
2006-05-26,0.00863838454283927
2006-06-02,0.010214424338616
2006-06-09,-0.021606738689129
2006-06-16,-0.00140707352555391
2006-06-23,-0.00841453318048668
2006-06-30,0.0218932393484212
2006-07-14,-0.024016781107113
2006-07-21,0.00549791111576203
2006-07-28,0.0112319072627132
2006-07-31,0.0121759094327671
2006-08-04,0.0013531164696956
2006-08-11,-0.00673300735788029
2006-08-18,0.0203202164134504
2006-08-25,-0.00120233067176367
2006-08-31,0.0064278659176491
2006-09-01,-0.000345025876940852
2006-09-15,0.00957202024850434
2006-09-22,0.00132950436077439
2006-09-29,0.0160239144784262
2006-10-06,0.0105066646753538
2006-10-13,0.00709419015385526
2006-10-20,0.00302314318838892
2006-10-27,0.0160577640569448
2006-10-31,-0.00789119368704505
2006-11-03,-0.00770721299340327
2006-11-10,0.00805962071512667
2006-11-17,0.015547800599276
2006-11-30,-0.000207178373435424
2006-12-01,0.000828885220833575
2006-12-08,0.0047407238171393
2006-12-15,0.0129399475580378
2006-12-22,-0.00517720346830552
2007-01-12,0.00403356603906646
2007-01-26,5.61868775548202e-05
2007-01-31,0.00333590842053511
2007-02-02,0.0121023343716096
2007-02-09,0.00159757666293214
2007-02-16,0.00588296219575346
2007-02-28,-0.0399033478174317
2007-03-02,0.00323171080478168
2007-03-09,-0.000905099917329455
2007-03-16,-0.00685503142186628
2007-03-23,0.0303530898957107
2007-03-30,-0.00837899256904651
2007-04-13,0.0177712791384304
2007-04-20,0.0158101947782843
2007-04-27,0.0159924933194622
2007-04-30,-9.36949960180788e-05
2007-05-04,0.00554190901363394
2007-05-11,-0.00724198755283378
2007-05-18,0.0142610981112594
2007-05-25,-0.00346391316419215
2007-06-01,0.0153366500829186
2007-06-08,-0.0260744012230337
2007-06-15,0.0216406947025243
2007-06-22,-0.000512157166588922
2007-06-29,-0.0108330760286167
2007-07-13,0.0278807199309292
2007-07-20,0.00356016747648091
2007-07-27,-0.0455514135424513
2007-07-31,-0.0057607727800113
2007-08-03,-0.00116697197910309
2007-08-10,-0.0129671643413171
2007-08-17,-0.0287869299217529
2007-08-24,0.0361946062383969
2007-08-31,-0.00323454189860084
2007-09-14,0.0180706773416759
2007-09-21,0.0234509248963914
2007-09-28,0.00822386831275712
2007-10-05,0.00822862516653156
2007-10-12,0.00749429992745365
2007-10-19,-0.00990735561684708
2007-10-26,-0.0115779220779221
2007-10-31,0.00655642930815881
2007-11-02,-0.0137584440165781
2007-11-09,-0.0287743122423184
2007-11-16,-0.00988014363684675
2007-11-30,0.0128966547151244
2007-12-07,0.0249825047729697
2007-12-14,-0.0148548322948429
2007-12-21,-0.015475813994173
2007-12-31,0.00824226518770632
2008-01-14,-0.0490357566514149
2008-01-28,-0.0514715840645515
2008-01-31,0.01599158337717
2008-02-04,0.0321010665838253
2008-02-11,-0.0454786509767948
2008-02-25,0.0156390774220674
2008-02-29,0.00836813897615962
2008-03-03,-0.0246468289750525
2008-03-10,-0.0280281107895824
2008-03-17,-0.00769433016796073
2008-03-31,0.0254907614498017
2008-04-07,0.0439008450361724
2008-04-14,-0.0302033209821722
2008-04-21,0.041675424110494
2008-04-28,0.00737901017496334
2008-04-30,-0.00482131105324901
2008-05-05,0.0173373010738775
2008-05-12,-0.0183277516356493
2008-05-19,0.0258240967324024
2008-05-30,-0.0188875168387966
2008-06-02,0.000901055522183114
2008-06-09,-0.0277146654091824
2008-06-16,-0.00145499437843077
2008-06-23,-0.0287596129079736
2008-06-30,-0.0316039916045978
2008-07-14,-0.0285197878033896
2008-07-21,0.01627725292161
2008-07-28,-0.00321757461444572
2008-07-31,0.018771466734512
2008-08-04,-0.0219296534178262
2008-08-11,0.0328341059787596
2008-08-18,0.0028738740130716
2008-08-25,-0.00590845363366055
2008-08-29,0.00466496702751718
2008-09-08,-0.0362440126803909
2008-09-15,0.00113645458183287
2008-09-22,0.00355738176701936
2008-09-29,-0.0368815568318503
2008-09-30,-0.0788126411208615
2008-10-06,-0.0145630196268564
2008-10-13,-0.168382594117861
2008-10-20,0.033700356066831
2008-10-27,-0.0733749509809117
2008-10-31,0.0901656219975295
2008-11-03,0.0163255028275855
2008-11-10,-0.0329523986496949
2008-11-17,-0.0678089137977048
2008-11-24,-0.0824868591321873
2008-12-01,0.109098851722416
2008-12-08,-0.00663958316921931
2008-12-15,-0.00185791483046527
2008-12-22,0.00695744946485521
2008-12-31,0.00382100991884582
2009-01-14,-0.0261736601578729
2009-01-28,-0.0248478000184484
2009-01-30,-4.72964184786706e-05
2009-02-04,-0.00936513379607196
2009-02-11,-0.0123661625505808
2009-02-25,-0.0686116919060683
2009-02-27,-0.0268737672583826
2009-03-04,-0.0684463883295774
2009-03-11,0.0300458058975093
2009-03-18,0.0784057588348921
2009-03-25,0.0396902101777039
2009-03-31,-0.0197444255772734
2009-04-01,0.00342656281610365
2009-04-08,0.0291964364470318
2009-04-22,0.0373426710416769
2009-04-29,0.0113188395533839
2009-04-30,0.0230378712726849
2009-05-06,0.0312118550291471
2009-05-13,0.00160407102162718
2009-05-20,0.00355643914292036
2009-05-29,-0.00176091215249496
2009-06-03,0.0391281338889991
2009-06-10,0.00023341927406606
2009-06-17,-0.0327135022753069
2009-06-24,-0.0170853940716534
2009-06-30,0.0344077383940824
2009-07-01,-0.00682737421129265
2009-07-15,-0.0115874980995201
2009-07-22,0.047519639619843
2009-07-29,0.0254457730228654
2009-07-31,0.00934885338461222
2009-08-05,0.018858937981354
2009-08-12,-0.0113486040520783
2009-08-19,-0.00716297786720321
2009-08-26,0.0410080252918288
2009-08-31,-0.00208302915267422
2009-09-02,-0.0284234449527414
2009-09-16,0.0581485236981336
2009-09-23,0.0177421038150267
2009-09-30,-0.0108791915651307
2009-10-07,-0.00694614616124101
2009-10-14,0.0237555165377497
2009-10-15,0.0108280490970445
2009-10-21,0
2009-10-28,-0.0264591511060567
2009-10-30,0.00367401154958502
2009-11-04,-0.0171483278737763
2009-11-11,0.0466986267356799
2009-11-18,0.0122258311740449
2009-11-25,-0.00265899913469858
2009-12-02,0.00229554718072467
2009-12-09,-0.0161943319838057
2009-12-16,0.0160759621289193
2009-12-23,0.00922777171412847
2009-12-31,0.00693575488899212
2010-01-14,0.016935913367655
2010-01-28,-0.0425511486628029
2010-01-29,-0.00849644006454398
2010-02-04,0.00886347128106602
2010-02-11,-0.0274777853725223
2010-02-25,0.031993252741074
2010-02-26,0.00168900512149928
2010-03-04,0.0145227087299429
2010-03-11,0.0221960111516193
2010-03-18,0.0193800482534354
2010-03-25,0.00334439556481692
2010-03-31,0.0014700477765528
2010-04-01,-0.00044378066993811
2010-04-15,0.0337593811633923
2010-04-22,-0.00681384573453259
2010-04-29,-0.0076672321458271
2010-04-30,0.0112880248051621
2010-05-06,-0.0351268261557711
2010-05-13,0.00486095604527725
2010-05-20,-0.0535879115243924
2010-05-27,-0.0298643596366066
2010-06-03,0.0228527278989452
2010-06-10,-0.0364481898764129
2010-06-17,0.0540343984056972
2010-06-24,-0.0224466388286528
2010-06-30,-0.0461716150440451
2010-07-01,-0.00909125855308679
2010-07-15,0.0614489380273495
2010-07-22,-0.0203936187709006
2010-07-29,0.0335124144234893
2010-07-30,-0.00869078668315171
2010-08-05,0.0248898437784493
2010-08-12,-0.0393504947680718
2010-08-19,0.0101342604578911
2010-08-26,-0.0331002160301711
2010-08-31,-0.00889915552694354
2010-09-02,0.0322673085740486
2010-09-16,0.0400033312975403
2010-09-23,0.0064152185712123
2010-09-30,0.013146494562815
2010-10-07,0.0136129218042356
2010-10-14,0.0139896863727542
2010-10-21,0.00169805233397291
2010-10-28,0.00394127917817988
2010-10-29,-0.000506555674690046
2010-11-04,0.0122226257950619
2010-11-11,0.0122669693075421
2010-11-18,-0.0241459473718921
2010-11-30,-0.000667370644139353
2010-12-02,0.0201612903225805
2010-12-09,0.0193319578061171
2010-12-16,0.00504007673923268
2010-12-23,0.0171392982512901
2010-12-31,-0.000612311435910118
2011-01-07,0.0140440497787964
2011-01-14,0.00666190629389285
2011-01-28,0.0130407670122379
2011-01-31,-0.0177973730984974
2011-02-04,0.0239012925969448
2011-02-11,0.00891347426569045
2011-02-18,0.0164712662854716
2011-02-28,-0.0140034915471734
2011-03-04,0.00690067417770757
2011-03-11,-0.0280297280440059
2011-03-18,-0.0129268688680485
2011-03-25,0.0274847067854094
2011-03-31,0.0119225491690806
2011-04-01,0.00153679262339534
2011-04-08,0.00502452086530081
2011-04-15,-0.0161806969225243
2011-04-29,0.0346889406180109
2011-05-06,-0.0146308468245917
2011-05-13,0.00630484092401362
2011-05-20,-0.00496036895061136
2011-05-27,-0.0121535022354694
2011-06-03,-0.00961763308164054
2011-06-10,-0.0185385470775512
2011-06-17,-0.0155362408815769
2011-06-24,0.0113985716312728
2011-06-30,0.0191732136176581
2011-07-01,0.00994157413355357
2011-07-15,-0.00891234552944042
2011-07-22,0.0266871423441595
2011-07-29,-0.0325048370293198
2011-08-05,-0.0767929114235608
2011-08-12,-0.0228363381877562
2011-08-19,-0.0276245449197267
2011-08-26,0.0161161626347031
2011-08-31,0.0467273590197179
2011-09-02,-0.00750206100577078
2011-09-16,0.00441066533765255
2011-09-23,-0.0664814217546994
2011-09-30,0.0275597526620721
2011-10-07,0.00439681704930472
2011-10-14,0.0348660549513748
2011-10-21,0.00807862978476348
2011-10-28,0.0567719003776566
2011-10-31,0.000443790437483882
2011-11-04,-0.0187865770140706
2011-11-11,-0.0164178867721008
2011-11-18,-0.0192965196916426
2011-11-30,-0.0160090117498088
2011-12-02,0.0412042917307307
2011-12-09,-0.00926943974061611
2011-12-16,-0.0148969606635994
2011-12-23,0.0311736795796365
2012-01-13,0.0325518341307816
2012-01-27,0.0180951792527146
2012-01-31,-0.00358050445666602
2012-02-03,0.00965337677860423
2012-02-10,0.0188507099177355
2012-02-17,0.0050695302728665
2012-02-29,0.010411911108493
2012-03-02,0.00137735024048968
2012-03-09,-0.00590936547096621
2012-03-16,0.026779504674334
2012-03-23,-0.00696588356921324
2012-03-30,0.00756041873088353
2012-04-13,-0.0111878344770578
2012-04-20,-0.00767506720187938
2012-04-27,0.0168704973274461
2012-04-30,0.00219255958119957
2012-05-04,-0.00837335917791426
2012-05-11,-0.0240027021005959
2012-05-18,-0.0390690003018901
2012-05-25,0.0120761656641508
2012-06-01,-0.00828279616296068
2012-06-08,0.0039087848412438
2012-06-15,0.0107985612057886
2012-06-22,-0.00246014490027757
2012-06-29,0.00316761192228787
2012-07-13,0.00352599765434691
2012-07-20,0.0312404012556093
2012-07-27,-0.0119577772773173
2012-07-31,0.0185434359030918
2012-08-03,-0.0143076800912457
2012-08-10,0.0271925006408142
2012-08-17,0.00945400618859527
2012-08-24,-0.00978217877726295
2012-08-31,-0.00136948195065589
2012-09-14,0.0428550001071375
2012-09-21,0.000184922640695362
2012-09-28,-0.00904583864031649
2012-10-05,0.00986089708595639
2012-10-12,-0.0195429040645957
2012-10-19,0.017098908461517
2012-10-26,-0.0304458808514142
2012-11-02,0.0103469995824397
2012-11-09,-0.0350520807794955
2012-11-16,-0.0175601611556749
2012-11-30,0.0462478571850802
2012-12-07,-0.00141247925421095
2012-12-14,0.00388981222815521
2012-12-21,0.017062946916059
2012-12-31,-0.0285660850471369
2013-01-14,0.049642406394615
2013-01-28,0.020997928059509
2013-01-31,-0.000665353702028026
2013-02-04,0.00746358092093002
2013-02-11,0.00314571396472307
2013-02-25,-0.00153498514424255
2013-02-28,0.000257323832145717
2013-03-04,0.00145779325721151
2013-03-11,0.0217033328942169
2013-03-18,0.00615672243174425
2013-03-25,-0.00244121227654259
2013-04-01,0.00789394241083174
2013-04-08,-0.0101454262735952
2013-04-15,0.0229066608294812
2013-04-22,-0.0211412099393268
2013-04-29,0.017418421475647
2013-04-30,0.00710340381965957
2013-05-06,0.0130649230035518
2013-05-13,0.010963825569871
2013-05-20,0.0205931009129343
2013-05-31,-0.00815267963811228
2013-06-03,-0.0123598021947426
2013-06-10,0.00794258783729962
2013-06-17,-0.00853058668304274
2013-06-24,-0.0256770347838886
2013-06-28,0.0140674861685455
2013-07-01,-0.000831719549133525
2013-07-15,0.0433661742598368
2013-07-22,0.00882358194559396
2013-07-29,-0.00241381955961084
2013-07-31,-0.00151450612901693
2013-08-05,0.0119981513959331
2013-08-12,-0.0114987617168518
2013-08-19,-0.019616553243661
2013-08-26,0.00546141066304173
2013-08-30,-0.0152617632744293
2013-09-09,0.0109586366382124
2013-09-16,0.0210338896098019
2013-09-23,0.0116687355914169
2013-09-30,-0.0141284532323658
2013-10-07,-6.51944572856999e-05
2013-10-14,0.00753341433778854
2013-10-21,0.0266727848175734
2013-10-28,0.00814806325922524
2013-10-31,0.00217117004467382
2013-11-04,9.07420430571459e-05
2013-11-11,0.00372008619711917
2013-11-18,0.0163054532305815
2013-11-25,0.00417495913988053
2013-12-02,0.000121793913625989
2013-12-09,-0.000188204035315942
2013-12-16,-0.0159062346017351
2013-12-23,0.0255642820172379
2013-12-31,0.0108013516775283
2014-01-14,-0.011532554365818
2014-01-28,-0.0210611850485352
2014-01-31,0.00441951766685378
2014-02-04,-0.0262775842044136
2014-02-11,0.0324746820199333
2014-02-25,0.0262212224721599
2014-02-28,0.00403753937412721
2014-03-04,-0.00317499676570776
2014-03-11,0.015698425831292
2014-03-18,-0.0102967640262795
2014-03-25,0.00030125018828131
2014-03-31,-0.000172091122249252
2014-04-01,0.00796058434992153
2014-04-08,-0.0151977630258917
2014-04-15,-0.00760235819407418
2014-04-29,0.0214747877364929
2014-04-30,0.00337827002640601
2014-05-06,0.00351073464386564
2014-05-13,0.00693320026118949
2014-05-20,-0.00625807301963877
2014-05-30,0.0188075633462077
2014-06-03,0.00142683809553557
2014-06-10,0.0141804510496237
2014-06-17,-0.00676292338771689
2014-06-24,0.0128126371215445
2014-06-30,-0.000601436311462478
2014-07-01,0.000764997781506516
2014-07-15,0.0076798026795224
2014-07-22,-0.00086478941619117
2014-07-29,0.00221699187609126
2014-07-31,-0.00752008807947346
2014-08-05,-0.0146554443958192
2014-08-12,-0.000315027319582217
2014-08-19,0.0191142359729921
2014-08-26,0.0131087376376899
2014-08-29,-7.00493848162509e-05
2014-09-09,0.00114088418524361
2014-09-16,-0.00939657025185803
2014-09-23,0.00547446176201971
2014-09-30,-0.00731139413281945
2014-10-07,-0.00801229394250369
2014-10-14,-0.0434425895350496
2014-10-21,0.0171913207004386
2014-10-28,0.028679466633148
2014-10-31,0.0188683087763601
2014-11-04,0.00730061962822304
2014-11-11,0.0111071976029486
2014-11-18,0.00160926307526243
2014-11-25,0.0140437329780356
2014-12-02,-0.0079124701108616
2014-12-09,0.00135360824240305
2014-12-16,-0.0339597870219543
2014-12-23,0.0477019796548062
2014-12-31,0.000302669254568899
2015-01-14,-0.0305987675963326
2015-01-28,0.00690646056282196
2015-01-30,-0.00639164706692774
2015-02-04,0.0146136132914059
2015-02-11,0.00961022226994523
2015-02-25,0.0226003722414252
2015-02-27,-0.00208953812697965
2015-03-04,-0.00149700598802405
2015-03-11,-0.0299043516216574
2015-03-18,0.0137673681584984
2015-03-25,0.00977402983346498
2015-03-31,-0.0043237303521092
2015-04-01,-0.00787888966195627
2015-04-15,0.0146012584456601
2015-04-22,0.000214508394428492
2015-04-29,0.00677701153807653
2015-04-30,-0.0032994239025983
2015-05-06,-0.00677267373380441
2015-05-13,0.00399758996968314
2015-05-20,0.0134167135005383
2015-05-29,-0.00335089459016169
2015-06-03,-0.00472494412116986
2015-06-10,-0.0139862790433234
2015-06-17,0.00782271084800512
2015-06-24,0.0125154953752264
2015-06-30,-0.029411626209592
2015-07-01,0.0028187600366778
2015-07-15,0.0203241412675377
2015-07-22,0.00436223630992738
2015-07-29,-0.011098993961883
2015-07-31,0.00806798109514495
2015-08-05,-0.00773347224853194
2015-08-12,-0.00676285156566936
2015-08-19,0.00701071548700205
2015-08-26,-0.106380237535132
2015-08-31,0.0608623681751435
2015-09-02,-0.0353394774327664
2015-09-16,0.0320894120593576
2015-09-23,-0.0175832398054621
2015-09-30,-0.0288693110475288
2015-10-07,0.0504467077164386
2015-10-14,0.0107549663528961
2015-10-21,0.0148777736741763
2015-10-28,0.0162333351364907
2015-10-30,0.0113816731833842
2015-11-04,0.00985645933014356
2015-11-11,-0.0128825926276889
2015-11-18,-0.0150810450175434
2015-11-25,0.0181823498165197
2015-12-02,0.00593978844589094
2015-12-09,-0.0192890551027497
2015-12-16,-0.00711731686372308
2015-12-23,-0.00210114830197894
2015-12-31,0.0090049946136519
2016-01-14,-0.0819716683085913
2016-01-28,-0.00341495390340862
2016-01-29,0.00465728137830057
2016-02-04,0.00932946145723346
2016-02-11,-0.0338290604549949
2016-02-25,0.0459501894964807
2016-02-29,0.00789908223638247
2016-03-03,0.0197572837971782
2016-03-10,0.00270447219983883
2016-03-17,0.0180464798565523
2016-03-24,0.00275297251961115
2016-04-07,0.0150210580177912
2016-04-14,0.00963640505862773
2016-04-21,0.00921796158222477
2016-04-28,-0.00530900199325446
2016-04-29,-0.0091394738226529
2016-05-05,-0.00910793408693822
2016-05-12,0.00692661779390646
2016-05-19,-0.0111069723341574
2016-05-26,0.0231042798929659
2016-06-02,0.00299793443751684
2016-06-09,0.00855218309489869
2016-06-16,-0.0232978044572589
2016-06-23,0.0127954470663389
2016-06-30,-0.00937977828746184
2016-07-14,0.040860132068282
2016-07-21,0.00696516951823067
2016-07-28,-0.00315705666594557
2016-07-29,0.00128344221047527
2016-08-04,-0.00245293545367764
2016-08-11,0.00668358362105992
2016-08-18,0.00180443256794183
2016-08-25,-0.00394610202117429
2016-08-31,0.000124235605924561
2016-09-01,-0.00102596661697862
2016-09-15,-0.0211713558049673
2016-09-22,0.0214457785975082
2016-09-29,-0.000939685113361066
2016-09-30,-0.00571257319378482
2016-10-06,0.000792947864836968
2016-10-13,-0.0129551204233116
2016-10-20,0.00575047177339849
2016-10-27,0.000723450532319481
2016-10-31,-0.00666026137328235
2016-11-03,-0.014546103353398
2016-11-10,0.0327282256527537
2016-11-17,0.00513035815620855
2016-11-30,0.0120994579112368
2016-12-01,-0.00217690036599127
2016-12-08,0.0186167432516577
2016-12-15,0.00564001195825314
2016-12-22,0.00406430114874179
2016-12-30,-0.00500236419155686
2017-01-13,0.00938439605437869
2017-01-27,0.0115631352464427
2017-01-31,-0.0108741985715652
2017-02-03,0.00638516811637535
2017-02-10,0.0103690562542058
2017-02-17,0.0132942952163893
2017-02-28,0.00984630880790083
2017-03-03,0.00627197727887485
2017-03-10,-0.00352804798145256
2017-03-17,0.00471650397046175
2017-03-24,-0.0139656250131098
2017-03-31,0.00612656461398386
2017-04-07,-0.00348018030970643
2017-04-21,-0.000785032610679193
2017-04-28,0.0165368575723859
2017-05-05,-0.000547274489488991
2017-05-12,2.92596880917539e-05
2017-05-19,-0.00880690842821563
2017-05-26,0.0181877986143031
2017-06-02,0.00694967902257204
2017-06-09,0.00210177355138019
2017-06-16,-0.00211378309712329
2017-06-23,0.00140257646303965
2017-06-30,-0.00223851477625137
2017-07-14,0.00821669685493176
2017-07-21,0.00744745137108249
2017-07-28,0.00069709005430818
2017-07-31,0.00276211767755319
2017-08-04,0.000379653788056267
2017-08-11,-0.0144698168663804
2017-08-18,-0.00548946350735757
2017-08-25,0.00703563955116904
2017-08-31,0.00733417323865315
2017-09-01,0.00477940430024559
2017-09-15,0.00858787109706527
2017-09-22,0.00063710346319823
2017-09-29,0.00508557378887242
2017-10-06,0.0149325088846037
2017-10-13,0.00322676883459461
2017-10-20,0.00465633143688904
2017-10-27,0.00105158204676825
2017-10-31,0.00222934644744099
2017-11-03,0.00230590957263033
2017-11-10,-0.000677787546525255
2017-11-17,0.00106969281212943
2017-11-30,0.0197410702532772
2017-12-01,0.00424081125922093
2017-12-08,0.000419643869796982
2017-12-15,0.00544930296537305
2017-12-22,0.00886632113446795
2018-01-12,0.0320242006988996
2018-01-26,0.0279043239067498
2018-01-31,-0.00529239889305633
2018-02-02,-0.00829329087243713
2018-02-09,-0.0737436452444356
2018-02-16,0.0481823982043061
2018-02-28,0.00976847539913628
2018-03-02,-0.0344580903340137
2018-03-09,0.0353606204092685
2018-03-16,-0.000850009626177317
2018-03-23,-0.0377594462238736
2018-04-06,-0.000336266534678886
2018-04-13,0.0117468308501711
2018-04-20,0.00585005043146913
2018-04-27,-0.00634711946994682
2018-04-30,0.00263131337671529
2018-05-04,-0.0227622637007878
2018-05-11,0.0386236624768734
2018-05-18,-0.00196496125169865
2018-05-25,0.00230003496053133
2018-06-01,-0.00179908944044649
2018-06-08,0.0173391694559901
2018-06-15,0.00431695253521536
2018-06-22,-0.006116395106884
2018-06-29,-0.0121921623883019
2018-07-13,0.0255946727878757
2018-07-20,0.00272441569864124
2018-07-27,0.0134780980906026
2018-07-31,-0.0114764191602019
2018-08-03,0.00707897200086838
2018-08-10,0.00327959231274888
2018-08-17,-0.000204304484131113
2018-08-24,0.00846627582513593
2018-08-31,0.0125840655405522
2018-09-14,0.00276362231185123
2018-09-21,0.0104528657642842
2018-09-28,-0.00910186736403384
2018-10-05,-0.00257385662690768
2018-10-12,-0.0454774094413858
2018-10-19,0.00184801518837485
2018-10-26,-0.0388376097937067
2018-10-31,0.0141461695891087
2018-11-02,0.0147287108219989
2018-11-09,0.0177202280136226
2018-11-16,-0.0270426971117712
2018-11-30,0.00706997138169752
2018-12-14,-0.0394775290748642
2018-12-21,-0.0624790849076693
2018-12-31,0.0136125059828505
2019-01-14,0.0325618062058313
2019-01-28,0.0250590045382144
2019-01-31,0.015319644457215
2019-02-04,0.00781980197282439
2019-02-11,0.00218364006517668
2019-02-25,0.033899867276213
2019-02-28,-0.00579100326278814
2019-03-04,0.00941856669930519
2019-03-11,-0.0237211169817756
2019-03-18,0.0272964503695938
2019-03-25,-0.00942390199141929
2019-03-29,0.0115378700362301
2019-04-01,0.00719874693717371
2019-04-08,0.013982159845259
2019-04-15,0.00687563615213649
2019-04-29,0.0110923144633328
2019-04-30,-0.00116983724299291
2019-05-06,-0.0096182000177043
2019-05-13,-0.023617256066747
2019-05-20,0.000616155961396858
2019-05-31,-0.0266684025700754
2019-06-03,-0.0052853243678036
2019-06-10,0.0488092079679305
2019-06-17,0.00135836137263801
2019-06-24,0.0213409464486547
2019-06-28,-0.00626139282108273
2019-07-01,0.0131165315349102
2019-07-15,0.0156121168064993
2019-07-22,-0.0118861422228115
2019-07-29,0.0142659284423174
2019-07-31,-0.00272775064722086
2019-08-05,-0.0391715458421467
2019-08-12,0.00310551504967105
2019-08-19,0.00220496926458602
2019-08-26,-0.0160563999066409
2019-08-30,0.0245543656469112
2019-09-09,0.0174798865543786
2019-09-16,0.00267029845102607
2019-09-23,-0.0043084891586932
2019-09-30,-0.00550695491871955
2019-10-07,-0.0076978298456053
2019-10-14,0.00732959041922676
2019-10-21,0.010341188410586
2019-10-28,0.0118939555745408
2019-10-31,0.00487447726343282
2019-11-04,0.010522170074502
2019-11-11,0.000444955439498962
2019-11-18,0.0121999915593458
2019-11-25,-0.000150742003457327
2019-12-02,0.00847169472387588
2019-12-09,-0.000632981853459835
2019-12-16,0.013294672582483
2019-12-23,0.0133244126987118
2019-12-31,-0.00336944560685681
2020-01-14,0.0218245945794637
2020-01-28,-0.00913144718218761
2020-01-31,0.0082878953107961
2020-02-04,-0.000524017999408932
2020-02-11,0.0259890691060503
2020-02-25,-0.0377109038673508
2020-02-28,-0.0994275905080056
2020-03-03,0.0615585038911173
2020-03-10,-0.0913882304308792
2020-03-17,-0.137843524745155
2020-03-24,-0.0334836704237197
2020-03-31,0.115272730374844
2020-04-07,0.0474090618773162
2020-04-21,0.01685501980903
2020-04-28,0.044940229315465
2020-04-30,0.00719941167576188
2020-05-05,-0.0211640753213165
2020-05-12,0.0246158779732857
2020-05-19,0.00309236264670876
2020-05-29,0.0259717356431379
2020-06-02,0.013093479044153
2020-06-09,0.0484667741240807
2020-06-16,-0.0256183635616746
2020-06-23,0.00245927818588298
2020-06-30,-0.02819638703922
2020-07-14,0.0298046029768542
2020-07-21,0.0405620942915084
2020-07-28,-0.010478748791502
2020-07-31,0.0111864501108441
2020-08-04,0.00595330917763626
2020-08-11,0.0244443633887754
2020-08-18,0.00495498970430286
2020-08-25,0.0144403372856534
2020-08-31,0.021472955077926
2020-09-01,-0.00065247184256334
2020-09-15,-0.028428141322446
2020-09-22,-0.0328605846120438
2020-09-29,0.016739740574983
2020-09-30,-0.00289771167321218
2020-10-06,0.0202112408379
2020-10-13,0.0367496494305815
2020-10-20,-0.0267769474336519
2020-10-27,-0.010533875291477
2020-10-30,-0.032193702892908
2020-11-03,0.0129524318448866
2020-11-10,0.0620487073810416
2020-11-17,0.0189232514689861
2020-11-24,-0.0043735856477698
2020-12-01,0.0142856347996394
2020-12-08,0.0101978402960063
2020-12-15,-0.00451799459686952
2020-12-22,0.00863787737868926
2020-12-31,0.00951574871284566
2021-01-14,0.0218869784398128
2021-01-28,-0.0155256384043954
2021-01-29,0.00593756240431342
2021-02-04,0.0155132938949987
2021-02-11,0.0207837024912294
2021-02-25,-0.000153201920130686
2021-02-26,-0.0194443025690793
2021-03-04,-0.00550309141955263
2021-03-11,0.0254050642524741
2021-03-18,0.00969470366794867
2021-03-25,-0.0187580624762868
2021-03-31,0.0226610712131445
2021-04-01,0.00643518810258992
2021-04-15,0.0368114446576069
2021-04-22,0.00741588884379762
2021-04-29,0.00855541115368585
2021-04-30,-0.00191149129605761
2021-05-06,-0.00689835878135348
2021-05-13,-0.022582594971625
2021-05-20,0.0115288626475158
2021-05-27,0.0194009175224465
2021-06-03,-0.00250122562435429
2021-06-10,0.00885855185461759
2021-06-17,-0.00193682955899888
2021-06-24,0.00867222542099388
2021-06-30,0.00791173064409656
2021-07-01,0.00234929439595399
2021-07-15,0.0158786996626157
2021-07-22,-0.00177385317531165
2021-07-29,0.00970359551231637
2021-07-30,-0.00192343065544254
2021-08-05,0.00312619450663454
2021-08-12,0.00844209160644716
2021-08-19,-0.014313732546423
2021-08-26,0.0253990927428556
2021-08-31,0.00801112656467318
2021-09-02,0.00104420773773373
2021-09-16,-0.0126563575095709
2021-09-23,-0.0157110980569969
2021-09-30,-0.00818743972315195
2021-10-07,0.00298810022262019
2021-10-14,0.000688911041510476
2021-10-21,0.0331657833247847
2021-10-28,0.00675162833389242
2021-10-29,0.00219819235388474
2021-11-04,0.0196944151047374
2021-11-11,-0.000759179314293812
2021-11-18,0.00887025984088052
2021-11-30,-0.0128639867935125
2021-12-02,-0.0292053229890632
2021-12-09,0.0413498700255066
2021-12-16,0.0059965892133873
2021-12-23,-0.00321457556795424
2021-12-31,0.0151468124728953
2022-01-07,-0.0162401234710097
2022-01-14,-0.0127020686895177
2022-01-28,-0.0650712916586711
2022-01-31,0.02204700439787
2022-02-04,0.011507765485278
2022-02-11,0.00523780948917985
2022-02-18,-0.0270068149489491
2022-02-28,-0.00693340510015794
2022-03-04,-0.00276746199620137
2022-03-11,-0.0144215268117878
2022-03-18,0.0298726486739105
2022-03-25,0.0262221657507702
2022-03-31,0.0168276618371801
2022-04-01,-0.0127635887645631
2022-04-08,-0.0101688867745005
2022-04-22,-0.0241024442886864
2022-04-29,-0.0301151663425167
2022-05-06,-0.0295221863062004
2022-05-13,-0.0397924504078078
2022-05-20,-0.00911728348343799
2022-05-27,0.0381056887386193
2022-06-03,0.0147494868090929
2022-06-10,-0.0394386076851871
2022-06-17,-0.0776194585835813
2022-06-30,0.0327586677214327
2022-07-01,-0.00131801721610458
2022-07-15,0.0097857709600635
2022-07-22,0.0472577265584075
2022-07-29,0.0222337267377446
2022-08-05,0.00698255340283271
2022-08-12,0.0265193021159562
2022-08-19,0.00977273480362228
2022-08-26,-0.015838042711383
2022-08-31,-0.0471736759122975
2022-09-02,-0.00150224837339752
2022-09-16,-0.0284655014444283
2022-09-23,-0.0396320488540177
2022-09-30,-0.0251291875271655
2022-10-07,0.0201624888536609
2022-10-14,-0.00440548838062549
2022-10-21,-0.00902609737129478
2022-10-28,0.0413332968745728
2022-10-31,0.0193237856658945
2022-11-04,-0.0295915607249121
2022-11-11,0.0522275138174346
2022-11-18,0.000673609639429751
2022-11-30,-0.0023220106948636
2022-12-02,0.0209720053169176
2022-12-09,-0.0212862330050468
2022-12-16,-0.0159983005283031
2022-12-23,-0.0194813038595084
2023-01-13,0.0381352044895167
2023-01-27,0.0235115891531585
2023-01-31,-0.00810860148209547
2023-02-03,0.0288098287675491
2023-02-10,-0.0163826634338081
2023-02-17,0.00208163345556067
2023-02-28,-0.0245745440097709
2023-03-03,0.00523736608007153
2023-03-10,-0.0213230549121816
2023-03-17,0.0117359313223113
2023-03-24,-0.00492081976613479
2023-03-31,0.0296937710860807
2023-04-14,0.020691882510145
2023-04-21,-0.00192506962375383
2023-04-28,-0.000607433436427662
2023-05-05,-0.0108726447647852
2023-05-12,0.0131734533249444
2023-05-19,0.0158534169054787
2023-05-26,-0.0114149114565369
2023-06-02,0.020415479673545
2023-06-09,0.015060091817751
2023-06-16,0.0316083142851833
2023-06-30,-0.00416802711131636
2023-07-14,0.0208414359493854
2023-07-21,0.00787443433652091
2023-07-28,0.00342625314274669
2023-07-31,0.00417675080764379
2023-08-04,-0.0154553504826798
2023-08-11,-0.0140165176474759
2023-08-18,-0.023773841808798
2023-08-25,0.0102419399385023
2023-08-31,0.029076999485121
2023-09-01,0.00300862738847152
2023-09-15,-0.00719992936917868
2023-09-22,-0.0347355924214869
2023-09-29,-0.00312317181590782
2023-10-06,-0.0215771987301823
2023-10-13,0.0296826997324542
2023-10-20,-0.0198693266123759
2023-10-27,-0.0282929910970202
2023-10-31,0.00443060682457919
2023-11-03,0.0390522926740391
2023-11-06,0.00693087353463029
